Booking_ID,Tanggal_Booking,Tanggal_CheckIn,Tanggal_CheckOut,Lama_Menginap,Room_ID,Tipe_Kamar,Harga_per_Malam,Status_Reservasi,Kanal_Distribusi
B0001,2025-03-07,2025-05-28,2025-05-30,2,SU028,Suite,1000000,Check-in,Direct Booking
B0002,2025-05-05,2025-05-23,2025-05-26,3,ST074,Standard,300000,Check-in,OTA (Booking.com)
B0003,2025-08-19,2025-11-03,2025-11-05,2,SU013,Suite,1000000,Check-in,Direct Booking
B0004,2025-02-08,2025-04-14,2025-04-15,1,ST018,Standard,300000,Check-in,OTA (Booking.com)
B0005,2025-08-23,2025-11-01,2025-11-02,1,SU014,Suite,1000000,Check-in,Direct Booking
B0006,2025-06-20,2025-06-21,2025-06-25,4,ST087,Standard,300000,Check-in,Direct Booking
B0007,2025-08-23,2025-09-20,2025-09-24,4,SU030,Suite,1000000,Check-in,Direct Booking
B0008,2025-06-30,2025-08-14,2025-08-17,3,SU013,Suite,1000000,Check-in,OTA (Booking.com)
B0009,2025-03-23,2025-05-11,2025-05-15,4,ST006,Standard,300000,Check-in,OTA (Booking.com)
B0010,2025-05-22,2025-07-08,2025-07-10,2,ST066,Standard,300000,Check-in,OTA (Booking.com)
B0011,2025-04-03,2025-05-11,2025-05-12,1,SU015,Suite,1000000,Check-in,OTA (Booking.com)
B0012,2025-08-06,2025-10-04,2025-10-09,5,SU011,Suite,1000000,Check-in,Direct Booking
B0013,2025-04-02,2025-05-07,2025-05-08,1,ST004,Standard,300000,Check-in,OTA (Booking.com)
B0014,2025-05-22,2025-06-23,2025-06-26,3,DE055,Deluxe,500000,Check-in,Corporate
B0015,2025-05-01,2025-07-22,2025-07-23,1,ST084,Standard,300000,Check-in,OTA (Agoda)
B0016,2025-07-19,2025-07-27,2025-07-28,1,SU027,Suite,1000000,Check-in,OTA (Booking.com)
B0017,2025-07-09,2025-07-18,2025-07-22,4,ST058,Standard,300000,Check-in,OTA (Booking.com)
B0018,2025-09-19,2025-12-12,2025-12-13,1,DE028,Deluxe,500000,Check-in,OTA (Booking.com)
B0019,2025-07-26,2025-08-14,2025-08-16,2,SU014,Suite,1000000,Check-in,OTA (Booking.com)
B0020,2025-10-03,2025-11-06,2025-11-07,1,ST041,Standard,300000,Check-in,Direct Booking
B0021,2025-11-29,2025-12-17,2025-12-21,4,DE004,Deluxe,500000,Check-in,Direct Booking
B0022,2025-06-03,2025-06-18,2025-06-21,3,ST026,Standard,300000,Check-in,OTA (Booking.com)
B0023,2025-02-15,2025-05-03,2025-05-05,2,DE053,Deluxe,500000,Check-in,Corporate
B0024,2025-05-31,2025-08-07,2025-08-10,3,ST008,Standard,300000,Check-in,Direct Booking
B0025,2025-07-31,2025-08-15,2025-08-19,4,ST041,Standard,300000,Check-in,Direct Booking
B0026,2025-10-29,2025-11-19,2025-11-21,2,SU024,Suite,1000000,Cancel,OTA (Agoda)
B0027,2025-11-09,2025-12-13,2025-12-17,4,SU025,Suite,1000000,Check-in,Direct Booking
B0028,2025-06-11,2025-08-31,2025-09-02,2,ST047,Standard,300000,Check-in,Direct Booking
B0029,2025-05-05,2025-06-22,2025-06-23,1,ST030,Standard,300000,Cancel,Corporate
B0030,2025-09-12,2025-09-13,2025-09-17,4,DE053,Deluxe,500000,Check-in,Corporate
B0031,2025-06-22,2025-08-01,2025-08-04,3,SU014,Suite,1000000,Check-in,OTA (Booking.com)
B0032,2025-05-03,2025-05-14,2025-05-19,5,ST027,Standard,300000,Check-in,Direct Booking
B0033,2025-03-27,2025-06-04,2025-06-05,1,SU011,Suite,1000000,Check-in,Corporate
B0034,2025-07-23,2025-08-14,2025-08-16,2,ST011,Standard,300000,Check-in,OTA (Booking.com)
B0035,2025-06-14,2025-07-12,2025-07-17,5,ST071,Standard,300000,Check-in,Corporate
B0036,2025-07-17,2025-10-09,2025-10-14,5,DE027,Deluxe,500000,Check-in,OTA (Booking.com)
B0037,2025-06-23,2025-07-25,2025-07-28,3,SU016,Suite,1000000,Check-in,OTA (Booking.com)
B0038,2025-06-22,2025-07-22,2025-07-27,5,SU009,Suite,1000000,Check-in,OTA (Booking.com)
B0039,2025-04-05,2025-05-05,2025-05-10,5,SU006,Suite,1000000,Check-in,Direct Booking
B0040,2025-07-21,2025-08-21,2025-08-24,3,ST033,Standard,300000,Check-in,OTA (Booking.com)
B0041,2025-09-16,2025-11-29,2025-12-01,2,SU008,Suite,1000000,Check-in,OTA (Agoda)
B0042,2025-04-24,2025-05-19,2025-05-24,5,SU016,Suite,1000000,Check-in,OTA (Booking.com)
B0043,2025-10-04,2025-11-26,2025-12-01,5,ST072,Standard,300000,Check-in,OTA (Booking.com)
B0044,2025-02-27,2025-05-21,2025-05-26,5,SU029,Suite,1000000,Check-in,OTA (Booking.com)
B0045,2025-07-23,2025-08-06,2025-08-11,5,SU026,Suite,1000000,Check-in,OTA (Booking.com)
B0046,2025-05-09,2025-07-03,2025-07-08,5,DE010,Deluxe,500000,Check-in,OTA (Agoda)
B0047,2025-11-03,2025-11-13,2025-11-16,3,ST070,Standard,300000,Check-in,OTA (Booking.com)
B0048,2025-01-28,2025-04-08,2025-04-12,4,SU011,Suite,1000000,Cancel,OTA (Agoda)
B0049,2025-10-04,2025-10-26,2025-10-27,1,DE029,Deluxe,500000,Check-in,OTA (Agoda)
B0050,2025-06-16,2025-06-24,2025-06-28,4,DE022,Deluxe,500000,Check-in,OTA (Booking.com)
B0051,2025-06-27,2025-08-25,2025-08-26,1,DE101,Deluxe,500000,Check-in,OTA (Agoda)
B0052,2025-09-25,2025-12-06,2025-12-08,2,SU016,Suite,1000000,Check-in,Direct Booking
B0053,2025-04-24,2025-05-02,2025-05-06,4,ST088,Standard,300000,Check-in,Direct Booking
B0054,2025-10-13,2025-12-14,2025-12-19,5,ST031,Standard,300000,Check-in,Corporate
B0055,2025-06-24,2025-07-05,2025-07-07,2,SU019,Suite,1000000,Check-in,OTA (Booking.com)
B0056,2025-09-23,2025-10-24,2025-10-26,2,SU018,Suite,1000000,Cancel,OTA (Booking.com)
B0057,2025-02-05,2025-04-21,2025-04-26,5,ST087,Standard,300000,Check-in,OTA (Booking.com)
B0058,2025-10-12,2025-12-24,2025-12-25,1,DE110,Deluxe,500000,Cancel,Direct Booking
B0059,2025-06-21,2025-08-01,2025-08-04,3,DE018,Deluxe,500000,Check-in,OTA (Booking.com)
B0060,2025-10-13,2025-11-21,2025-11-22,1,DE066,Deluxe,500000,Cancel,Corporate
B0061,2025-11-19,2025-11-21,2025-11-23,2,ST073,Standard,300000,Cancel,Corporate
B0062,2025-07-09,2025-07-19,2025-07-23,4,ST066,Standard,300000,Check-in,Corporate
B0063,2025-07-26,2025-08-04,2025-08-09,5,DE080,Deluxe,500000,Check-in,OTA (Booking.com)
B0064,2025-06-24,2025-09-02,2025-09-07,5,ST060,Standard,300000,Cancel,OTA (Agoda)
B0065,2025-01-27,2025-04-05,2025-04-08,3,ST055,Standard,300000,Check-in,Direct Booking
B0066,2025-02-28,2025-05-24,2025-05-27,3,SU010,Suite,1000000,Check-in,OTA (Agoda)
B0067,2025-04-09,2025-06-19,2025-06-24,5,DE040,Deluxe,500000,Check-in,Direct Booking
B0068,2025-05-31,2025-07-14,2025-07-18,4,ST069,Standard,300000,Check-in,Direct Booking
B0069,2025-06-05,2025-08-07,2025-08-11,4,SU030,Suite,1000000,Check-in,OTA (Booking.com)
B0070,2025-03-18,2025-04-23,2025-04-28,5,SU006,Suite,1000000,Check-in,Direct Booking
B0071,2025-05-19,2025-06-22,2025-06-23,1,ST048,Standard,300000,Check-in,OTA (Agoda)
B0072,2025-01-23,2025-04-05,2025-04-06,1,SU024,Suite,1000000,Check-in,OTA (Agoda)
B0073,2025-03-30,2025-04-19,2025-04-20,1,DE092,Deluxe,500000,Check-in,Direct Booking
B0074,2025-04-05,2025-04-22,2025-04-24,2,DE007,Deluxe,500000,Check-in,Corporate
B0075,2025-09-25,2025-10-01,2025-10-03,2,SU009,Suite,1000000,Check-in,OTA (Booking.com)
B0076,2025-09-10,2025-10-26,2025-10-29,3,ST019,Standard,300000,Check-in,Corporate
B0077,2025-05-23,2025-06-23,2025-06-27,4,SU006,Suite,1000000,Check-in,Direct Booking
B0078,2025-09-15,2025-10-28,2025-11-01,4,ST089,Standard,300000,Check-in,OTA (Agoda)
B0079,2025-05-17,2025-06-21,2025-06-25,4,ST027,Standard,300000,Check-in,OTA (Agoda)
B0080,2025-05-23,2025-07-23,2025-07-27,4,SU026,Suite,1000000,Check-in,OTA (Booking.com)
B0081,2025-06-16,2025-07-26,2025-07-27,1,SU019,Suite,1000000,Check-in,Direct Booking
B0082,2025-07-09,2025-08-21,2025-08-26,5,SU003,Suite,1000000,Cancel,Direct Booking
B0083,2025-09-25,2025-12-17,2025-12-19,2,DE053,Deluxe,500000,Check-in,OTA (Agoda)
B0084,2025-03-03,2025-04-15,2025-04-18,3,SU025,Suite,1000000,Check-in,Direct Booking
B0085,2025-05-31,2025-08-14,2025-08-19,5,SU025,Suite,1000000,Check-in,OTA (Booking.com)
B0086,2025-09-30,2025-11-10,2025-11-14,4,ST013,Standard,300000,Cancel,Direct Booking
B0087,2025-04-24,2025-07-07,2025-07-11,4,DE096,Deluxe,500000,Check-in,OTA (Booking.com)
B0088,2025-05-04,2025-07-10,2025-07-13,3,DE030,Deluxe,500000,Check-in,Corporate
B0089,2025-07-27,2025-09-08,2025-09-12,4,ST076,Standard,300000,Check-in,OTA (Agoda)
B0090,2025-11-07,2025-12-16,2025-12-17,1,DE071,Deluxe,500000,Check-in,OTA (Booking.com)
B0091,2025-06-01,2025-08-30,2025-09-04,5,ST013,Standard,300000,Check-in,OTA (Booking.com)
B0092,2025-05-11,2025-06-29,2025-07-04,5,ST049,Standard,300000,Check-in,OTA (Booking.com)
B0093,2025-09-02,2025-09-03,2025-09-07,4,DE099,Deluxe,500000,Check-in,OTA (Agoda)
B0094,2025-06-26,2025-09-12,2025-09-16,4,DE048,Deluxe,500000,Check-in,OTA (Booking.com)
B0095,2025-09-24,2025-11-29,2025-12-03,4,ST031,Standard,300000,Check-in,Direct Booking
B0096,2025-07-15,2025-09-19,2025-09-23,4,SU011,Suite,1000000,Check-in,OTA (Agoda)
B0097,2025-06-11,2025-09-06,2025-09-08,2,SU022,Suite,1000000,Check-in,Direct Booking
B0098,2025-07-29,2025-08-04,2025-08-05,1,DE098,Deluxe,500000,Check-in,OTA (Agoda)
B0099,2025-09-01,2025-10-30,2025-11-02,3,ST017,Standard,300000,Check-in,OTA (Agoda)
B0100,2025-10-21,2025-12-10,2025-12-13,3,DE060,Deluxe,500000,Check-in,OTA (Booking.com)
B0101,2025-05-24,2025-05-25,2025-05-29,4,DE102,Deluxe,500000,Check-in,OTA (Agoda)
B0102,2025-09-23,2025-12-22,2025-12-27,5,DE037,Deluxe,500000,Check-in,Direct Booking
B0103,2025-11-04,2025-11-20,2025-11-25,5,SU017,Suite,1000000,Check-in,OTA (Booking.com)
B0104,2025-06-30,2025-09-10,2025-09-12,2,DE083,Deluxe,500000,Check-in,OTA (Agoda)
B0105,2025-09-01,2025-11-05,2025-11-06,1,ST068,Standard,300000,Check-in,Direct Booking
B0106,2025-09-17,2025-11-17,2025-11-18,1,DE032,Deluxe,500000,Check-in,OTA (Agoda)
B0107,2025-11-17,2025-12-23,2025-12-27,4,DE047,Deluxe,500000,Check-in,Direct Booking
B0108,2025-08-15,2025-08-25,2025-08-30,5,SU020,Suite,1000000,Check-in,OTA (Booking.com)
B0109,2025-03-03,2025-05-12,2025-05-13,1,SU001,Suite,1000000,Check-in,OTA (Booking.com)
B0110,2025-06-29,2025-07-19,2025-07-22,3,SU022,Suite,1000000,Check-in,OTA (Booking.com)
B0111,2025-08-31,2025-10-30,2025-11-02,3,SU025,Suite,1000000,Check-in,OTA (Booking.com)
B0112,2025-01-26,2025-04-11,2025-04-16,5,ST082,Standard,300000,Check-in,Direct Booking
B0113,2025-07-16,2025-08-31,2025-09-05,5,DE117,Deluxe,500000,Check-in,Corporate
B0114,2025-05-29,2025-07-22,2025-07-26,4,DE097,Deluxe,500000,Check-in,OTA (Booking.com)
B0115,2025-10-13,2025-10-17,2025-10-19,2,DE064,Deluxe,500000,Check-in,OTA (Agoda)
B0116,2025-11-04,2025-11-26,2025-11-29,3,SU030,Suite,1000000,Cancel,OTA (Booking.com)
B0117,2025-02-22,2025-04-14,2025-04-19,5,SU024,Suite,1000000,Check-in,Direct Booking
B0118,2025-05-04,2025-07-03,2025-07-08,5,SU018,Suite,1000000,Check-in,OTA (Booking.com)
B0119,2025-07-18,2025-09-15,2025-09-18,3,DE108,Deluxe,500000,Check-in,OTA (Booking.com)
B0120,2025-06-15,2025-08-08,2025-08-12,4,SU018,Suite,1000000,Check-in,OTA (Agoda)
B0121,2025-09-20,2025-09-27,2025-09-28,1,SU018,Suite,1000000,Check-in,OTA (Agoda)
B0122,2025-01-27,2025-04-21,2025-04-25,4,SU022,Suite,1000000,Cancel,Direct Booking
B0123,2025-06-15,2025-06-18,2025-06-21,3,SU010,Suite,1000000,Check-in,OTA (Booking.com)
B0124,2025-05-09,2025-07-21,2025-07-25,4,DE107,Deluxe,500000,Check-in,OTA (Agoda)
B0125,2025-05-07,2025-05-29,2025-05-30,1,SU009,Suite,1000000,Cancel,Direct Booking
B0126,2025-09-03,2025-09-07,2025-09-12,5,ST061,Standard,300000,Check-in,Corporate
B0127,2025-05-21,2025-07-11,2025-07-12,1,SU001,Suite,1000000,Check-in,OTA (Agoda)
B0128,2025-04-21,2025-05-23,2025-05-28,5,ST035,Standard,300000,Check-in,OTA (Agoda)
B0129,2025-03-16,2025-06-01,2025-06-03,2,ST083,Standard,300000,Check-in,OTA (Booking.com)
B0130,2025-08-13,2025-10-07,2025-10-10,3,SU017,Suite,1000000,Check-in,OTA (Booking.com)
B0131,2025-10-14,2025-12-07,2025-12-09,2,SU009,Suite,1000000,Check-in,OTA (Booking.com)
B0132,2025-04-20,2025-06-18,2025-06-23,5,DE067,Deluxe,500000,Check-in,OTA (Booking.com)
B0133,2025-05-25,2025-08-17,2025-08-21,4,ST007,Standard,300000,Check-in,OTA (Booking.com)
B0134,2025-09-24,2025-11-25,2025-11-29,4,DE092,Deluxe,500000,Check-in,OTA (Booking.com)
B0135,2025-06-23,2025-08-04,2025-08-07,3,SU015,Suite,1000000,Check-in,OTA (Booking.com)
B0136,2025-08-13,2025-10-12,2025-10-16,4,DE105,Deluxe,500000,Check-in,OTA (Agoda)
B0137,2025-11-12,2025-12-06,2025-12-11,5,SU028,Suite,1000000,Check-in,Direct Booking
B0138,2025-07-15,2025-08-20,2025-08-24,4,ST032,Standard,300000,Check-in,Corporate
B0139,2025-07-22,2025-08-02,2025-08-06,4,ST035,Standard,300000,Check-in,OTA (Booking.com)
B0140,2025-10-30,2025-11-30,2025-12-04,4,ST077,Standard,300000,Check-in,OTA (Booking.com)
B0141,2025-05-15,2025-05-18,2025-05-22,4,DE108,Deluxe,500000,Check-in,OTA (Booking.com)
B0142,2025-08-27,2025-10-06,2025-10-08,2,DE010,Deluxe,500000,Check-in,OTA (Booking.com)
B0143,2025-07-08,2025-09-17,2025-09-21,4,DE087,Deluxe,500000,Check-in,Direct Booking
B0144,2025-06-25,2025-07-28,2025-07-30,2,SU022,Suite,1000000,Check-in,OTA (Booking.com)
B0145,2025-04-26,2025-07-04,2025-07-07,3,SU003,Suite,1000000,Check-in,OTA (Booking.com)
B0146,2025-10-10,2025-12-25,2025-12-28,3,ST063,Standard,300000,Check-in,Direct Booking
B0147,2025-08-05,2025-08-30,2025-09-01,2,SU024,Suite,1000000,Check-in,OTA (Booking.com)
B0148,2025-03-27,2025-06-04,2025-06-06,2,DE051,Deluxe,500000,Check-in,Direct Booking
B0149,2025-04-27,2025-06-04,2025-06-06,2,ST070,Standard,300000,Check-in,OTA (Booking.com)
B0150,2025-08-22,2025-08-24,2025-08-25,1,DE100,Deluxe,500000,Check-in,OTA (Booking.com)
B0151,2025-08-01,2025-08-08,2025-08-09,1,DE058,Deluxe,500000,Check-in,Direct Booking
B0152,2025-03-06,2025-05-08,2025-05-11,3,ST042,Standard,300000,Check-in,Direct Booking
B0153,2025-08-14,2025-09-03,2025-09-06,3,SU005,Suite,1000000,Cancel,Direct Booking
B0154,2025-06-01,2025-07-25,2025-07-26,1,ST050,Standard,300000,Check-in,Corporate
B0155,2025-09-28,2025-11-06,2025-11-09,3,DE105,Deluxe,500000,Check-in,Direct Booking
B0156,2025-07-03,2025-07-16,2025-07-17,1,ST039,Standard,300000,Check-in,OTA (Booking.com)
B0157,2025-07-11,2025-08-01,2025-08-06,5,SU015,Suite,1000000,Check-in,Direct Booking
B0158,2025-09-25,2025-11-17,2025-11-21,4,ST071,Standard,300000,Check-in,Direct Booking
B0159,2025-07-27,2025-08-26,2025-08-30,4,ST035,Standard,300000,Check-in,OTA (Agoda)
B0160,2025-07-19,2025-07-29,2025-07-31,2,DE002,Deluxe,500000,Check-in,OTA (Booking.com)
B0161,2025-04-17,2025-07-11,2025-07-12,1,DE114,Deluxe,500000,Check-in,Direct Booking
B0162,2025-07-26,2025-08-15,2025-08-17,2,SU017,Suite,1000000,Check-in,Direct Booking
B0163,2025-07-17,2025-08-26,2025-08-30,4,DE074,Deluxe,500000,Check-in,OTA (Booking.com)
B0164,2025-07-26,2025-10-24,2025-10-27,3,DE074,Deluxe,500000,Check-in,OTA (Booking.com)
B0165,2025-04-10,2025-04-21,2025-04-23,2,DE042,Deluxe,500000,Check-in,OTA (Booking.com)
B0166,2025-05-13,2025-05-17,2025-05-21,4,SU028,Suite,1000000,Cancel,OTA (Agoda)
B0167,2025-01-27,2025-04-11,2025-04-13,2,ST058,Standard,300000,Check-in,OTA (Booking.com)
B0168,2025-11-04,2025-11-27,2025-11-28,1,ST089,Standard,300000,Check-in,Corporate
B0169,2025-10-17,2025-11-10,2025-11-14,4,ST066,Standard,300000,Check-in,Corporate
B0170,2025-07-27,2025-09-26,2025-10-01,5,DE075,Deluxe,500000,Check-in,OTA (Booking.com)
B0171,2025-08-26,2025-09-16,2025-09-18,2,DE097,Deluxe,500000,Check-in,Direct Booking
B0172,2025-02-26,2025-04-19,2025-04-22,3,DE025,Deluxe,500000,Check-in,Direct Booking
B0173,2025-10-09,2025-10-24,2025-10-25,1,ST022,Standard,300000,Check-in,Direct Booking
B0174,2025-09-14,2025-11-23,2025-11-28,5,DE006,Deluxe,500000,Check-in,OTA (Booking.com)
B0175,2025-09-23,2025-12-12,2025-12-16,4,ST088,Standard,300000,Check-in,Direct Booking
B0176,2025-05-03,2025-06-07,2025-06-11,4,DE094,Deluxe,500000,Check-in,OTA (Booking.com)
B0177,2025-03-30,2025-04-15,2025-04-16,1,ST023,Standard,300000,Check-in,Direct Booking
B0178,2025-08-17,2025-09-07,2025-09-12,5,ST062,Standard,300000,Check-in,OTA (Booking.com)
B0179,2025-04-30,2025-05-29,2025-06-03,5,DE092,Deluxe,500000,Cancel,OTA (Booking.com)
B0180,2025-11-22,2025-12-12,2025-12-15,3,ST023,Standard,300000,Check-in,OTA (Agoda)
B0181,2025-10-11,2025-12-04,2025-12-07,3,DE070,Deluxe,500000,Check-in,OTA (Booking.com)
B0182,2025-05-18,2025-07-07,2025-07-10,3,ST005,Standard,300000,Check-in,OTA (Agoda)
B0183,2025-08-11,2025-08-20,2025-08-24,4,DE094,Deluxe,500000,Check-in,OTA (Agoda)
B0184,2025-02-26,2025-04-02,2025-04-06,4,DE110,Deluxe,500000,Check-in,OTA (Agoda)
B0185,2025-09-23,2025-12-07,2025-12-12,5,SU005,Suite,1000000,Check-in,OTA (Booking.com)
B0186,2025-08-29,2025-10-11,2025-10-13,2,DE118,Deluxe,500000,Cancel,OTA (Agoda)
B0187,2025-05-03,2025-08-01,2025-08-06,5,ST032,Standard,300000,Check-in,OTA (Agoda)
B0188,2025-03-01,2025-04-23,2025-04-27,4,DE093,Deluxe,500000,Check-in,OTA (Agoda)
B0189,2025-08-27,2025-10-15,2025-10-18,3,ST037,Standard,300000,Check-in,OTA (Booking.com)
B0190,2025-11-20,2025-12-10,2025-12-14,4,SU004,Suite,1000000,Check-in,Corporate
B0191,2025-04-09,2025-05-22,2025-05-27,5,DE086,Deluxe,500000,Check-in,Corporate
B0192,2025-06-11,2025-06-13,2025-06-16,3,DE112,Deluxe,500000,Check-in,Corporate
B0193,2025-11-17,2025-11-27,2025-11-28,1,DE035,Deluxe,500000,Check-in,OTA (Booking.com)
B0194,2025-02-17,2025-05-12,2025-05-16,4,DE069,Deluxe,500000,Check-in,OTA (Agoda)
B0195,2025-07-23,2025-09-10,2025-09-11,1,ST028,Standard,300000,Check-in,OTA (Agoda)
B0196,2025-02-08,2025-04-19,2025-04-23,4,ST070,Standard,300000,Check-in,OTA (Booking.com)
B0197,2025-06-19,2025-07-26,2025-07-30,4,ST029,Standard,300000,Check-in,Corporate
B0198,2025-03-01,2025-05-22,2025-05-26,4,DE024,Deluxe,500000,Check-in,Direct Booking
B0199,2025-04-20,2025-04-24,2025-04-25,1,DE058,Deluxe,500000,Check-in,Direct Booking
B0200,2025-09-20,2025-11-07,2025-11-11,4,SU009,Suite,1000000,Check-in,OTA (Booking.com)
B0201,2025-04-05,2025-07-02,2025-07-03,1,SU002,Suite,1000000,Check-in,OTA (Booking.com)
B0202,2025-06-14,2025-08-02,2025-08-06,4,DE002,Deluxe,500000,Cancel,Direct Booking
B0203,2025-06-10,2025-08-09,2025-08-11,2,DE107,Deluxe,500000,Check-in,Direct Booking
B0204,2025-06-27,2025-08-26,2025-08-28,2,ST087,Standard,300000,Check-in,Direct Booking
B0205,2025-07-18,2025-09-01,2025-09-03,2,ST058,Standard,300000,Cancel,OTA (Booking.com)
B0206,2025-07-05,2025-09-02,2025-09-06,4,SU007,Suite,1000000,Cancel,OTA (Agoda)
B0207,2025-07-17,2025-07-31,2025-08-01,1,DE091,Deluxe,500000,Check-in,OTA (Booking.com)
B0208,2025-06-01,2025-08-30,2025-09-02,3,SU001,Suite,1000000,Cancel,OTA (Booking.com)
B0209,2025-02-28,2025-04-05,2025-04-07,2,ST035,Standard,300000,Check-in,OTA (Agoda)
B0210,2025-12-04,2025-12-11,2025-12-12,1,DE059,Deluxe,500000,Check-in,Direct Booking
B0211,2025-06-06,2025-07-22,2025-07-26,4,ST021,Standard,300000,Check-in,Direct Booking
B0212,2025-03-17,2025-06-10,2025-06-13,3,ST019,Standard,300000,Check-in,OTA (Booking.com)
B0213,2025-08-31,2025-09-06,2025-09-10,4,DE043,Deluxe,500000,Check-in,OTA (Booking.com)
B0214,2025-04-30,2025-05-17,2025-05-19,2,DE065,Deluxe,500000,Check-in,OTA (Booking.com)
B0215,2025-05-12,2025-06-07,2025-06-10,3,ST015,Standard,300000,Check-in,OTA (Booking.com)
B0216,2025-06-14,2025-08-18,2025-08-19,1,SU013,Suite,1000000,Check-in,OTA (Agoda)
B0217,2025-06-29,2025-08-30,2025-09-02,3,ST048,Standard,300000,Check-in,OTA (Agoda)
B0218,2025-03-10,2025-05-09,2025-05-14,5,SU030,Suite,1000000,Check-in,Direct Booking
B0219,2025-07-26,2025-10-21,2025-10-24,3,ST034,Standard,300000,Check-in,OTA (Agoda)
B0220,2025-08-12,2025-08-14,2025-08-15,1,ST030,Standard,300000,Check-in,OTA (Booking.com)
B0221,2025-05-18,2025-08-13,2025-08-17,4,ST062,Standard,300000,Check-in,OTA (Booking.com)
B0222,2025-04-08,2025-05-26,2025-05-30,4,ST040,Standard,300000,Check-in,Direct Booking
B0223,2025-07-05,2025-09-15,2025-09-19,4,ST063,Standard,300000,Check-in,Direct Booking
B0224,2025-07-04,2025-09-02,2025-09-07,5,ST074,Standard,300000,Check-in,Direct Booking
B0225,2025-08-29,2025-09-03,2025-09-08,5,DE006,Deluxe,500000,Check-in,Direct Booking
B0226,2025-04-01,2025-06-09,2025-06-11,2,DE036,Deluxe,500000,Check-in,OTA (Booking.com)
B0227,2025-08-03,2025-11-01,2025-11-06,5,ST010,Standard,300000,Check-in,Direct Booking
B0228,2025-03-28,2025-05-21,2025-05-22,1,DE040,Deluxe,500000,Check-in,Corporate
B0229,2025-03-12,2025-04-17,2025-04-22,5,ST007,Standard,300000,Check-in,OTA (Booking.com)
B0230,2025-09-02,2025-10-03,2025-10-04,1,SU020,Suite,1000000,Cancel,OTA (Booking.com)
B0231,2025-07-10,2025-10-01,2025-10-03,2,SU013,Suite,1000000,Check-in,Direct Booking
B0232,2025-11-03,2025-11-19,2025-11-22,3,SU008,Suite,1000000,Check-in,OTA (Booking.com)
B0233,2025-01-24,2025-04-11,2025-04-15,4,SU001,Suite,1000000,Check-in,Direct Booking
B0234,2025-06-28,2025-07-15,2025-07-19,4,SU013,Suite,1000000,Check-in,OTA (Booking.com)
B0235,2025-05-05,2025-07-20,2025-07-22,2,SU016,Suite,1000000,Check-in,Direct Booking
B0236,2025-01-15,2025-04-02,2025-04-04,2,DE022,Deluxe,500000,Check-in,Direct Booking
B0237,2025-07-21,2025-08-07,2025-08-09,2,SU019,Suite,1000000,Check-in,OTA (Agoda)
B0238,2025-03-22,2025-04-08,2025-04-10,2,DE033,Deluxe,500000,Check-in,Direct Booking
B0239,2025-02-26,2025-04-09,2025-04-13,4,SU001,Suite,1000000,Check-in,Direct Booking
B0240,2025-11-02,2025-12-26,2025-12-28,2,SU001,Suite,1000000,Check-in,OTA (Booking.com)
B0241,2025-11-02,2025-12-19,2025-12-22,3,ST082,Standard,300000,Check-in,OTA (Booking.com)
B0242,2025-02-03,2025-04-23,2025-04-27,4,ST075,Standard,300000,Check-in,OTA (Agoda)
B0243,2025-06-27,2025-09-02,2025-09-04,2,DE092,Deluxe,500000,Check-in,Direct Booking
B0244,2025-08-22,2025-10-23,2025-10-27,4,DE090,Deluxe,500000,Check-in,OTA (Booking.com)
B0245,2025-03-12,2025-05-08,2025-05-11,3,SU005,Suite,1000000,Check-in,Direct Booking
B0246,2025-08-02,2025-08-19,2025-08-22,3,ST018,Standard,300000,Check-in,OTA (Booking.com)
B0247,2025-09-01,2025-10-13,2025-10-17,4,ST010,Standard,300000,Check-in,OTA (Booking.com)
B0248,2025-08-21,2025-11-07,2025-11-09,2,SU029,Suite,1000000,Check-in,Direct Booking
B0249,2025-04-27,2025-07-20,2025-07-23,3,DE102,Deluxe,500000,Check-in,Direct Booking
B0250,2025-10-06,2025-11-19,2025-11-20,1,DE080,Deluxe,500000,Check-in,Direct Booking
B0251,2025-07-15,2025-09-08,2025-09-09,1,ST056,Standard,300000,Check-in,Corporate
B0252,2025-09-02,2025-11-29,2025-12-03,4,SU021,Suite,1000000,Check-in,Direct Booking
B0253,2025-03-25,2025-05-20,2025-05-24,4,ST016,Standard,300000,Check-in,OTA (Agoda)
B0254,2025-02-18,2025-05-01,2025-05-05,4,ST087,Standard,300000,Cancel,OTA (Booking.com)
B0255,2025-03-08,2025-06-02,2025-06-04,2,DE039,Deluxe,500000,Check-in,OTA (Booking.com)
B0256,2025-03-03,2025-04-27,2025-04-28,1,DE089,Deluxe,500000,Check-in,OTA (Booking.com)
B0257,2025-10-03,2025-12-16,2025-12-17,1,SU008,Suite,1000000,Check-in,OTA (Booking.com)
B0258,2025-09-13,2025-09-27,2025-09-30,3,ST065,Standard,300000,Check-in,OTA (Agoda)
B0259,2025-05-12,2025-07-25,2025-07-30,5,DE033,Deluxe,500000,Check-in,Corporate
B0260,2025-01-24,2025-04-14,2025-04-17,3,ST062,Standard,300000,Cancel,OTA (Agoda)
B0261,2025-03-11,2025-04-15,2025-04-20,5,SU030,Suite,1000000,Check-in,OTA (Agoda)
B0262,2025-08-14,2025-09-27,2025-09-30,3,SU021,Suite,1000000,Check-in,Direct Booking
B0263,2025-07-30,2025-10-23,2025-10-27,4,SU014,Suite,1000000,Check-in,OTA (Booking.com)
B0264,2025-05-13,2025-05-17,2025-05-18,1,ST010,Standard,300000,Check-in,OTA (Booking.com)
B0265,2025-07-25,2025-09-22,2025-09-27,5,SU030,Suite,1000000,Check-in,OTA (Agoda)
B0266,2025-03-02,2025-05-14,2025-05-18,4,SU005,Suite,1000000,Check-in,OTA (Agoda)
B0267,2025-05-05,2025-05-12,2025-05-16,4,DE049,Deluxe,500000,Check-in,OTA (Booking.com)
B0268,2025-08-27,2025-11-13,2025-11-17,4,DE015,Deluxe,500000,Check-in,OTA (Agoda)
B0269,2025-09-09,2025-09-24,2025-09-26,2,DE003,Deluxe,500000,Check-in,OTA (Booking.com)
B0270,2025-09-21,2025-12-06,2025-12-07,1,ST071,Standard,300000,Check-in,Direct Booking
B0271,2025-03-09,2025-04-29,2025-05-04,5,SU013,Suite,1000000,Check-in,Corporate
B0272,2025-07-22,2025-08-09,2025-08-13,4,DE030,Deluxe,500000,Check-in,Direct Booking
B0273,2025-05-04,2025-06-29,2025-07-01,2,SU010,Suite,1000000,Check-in,OTA (Agoda)
B0274,2025-07-26,2025-09-29,2025-10-04,5,SU026,Suite,1000000,Check-in,OTA (Agoda)
B0275,2025-02-13,2025-04-10,2025-04-11,1,DE051,Deluxe,500000,Cancel,OTA (Agoda)
B0276,2025-08-24,2025-11-06,2025-11-11,5,ST066,Standard,300000,Check-in,OTA (Booking.com)
B0277,2025-04-21,2025-05-29,2025-06-02,4,DE032,Deluxe,500000,Check-in,OTA (Booking.com)
B0278,2025-09-03,2025-11-22,2025-11-24,2,ST082,Standard,300000,Cancel,Direct Booking
B0279,2025-07-20,2025-08-03,2025-08-06,3,DE117,Deluxe,500000,Check-in,OTA (Booking.com)
B0280,2025-07-17,2025-09-06,2025-09-07,1,ST039,Standard,300000,Check-in,OTA (Booking.com)
B0281,2025-04-18,2025-05-10,2025-05-15,5,ST067,Standard,300000,Check-in,OTA (Booking.com)
B0282,2025-09-01,2025-09-26,2025-09-28,2,DE094,Deluxe,500000,Check-in,OTA (Agoda)
B0283,2025-07-11,2025-07-30,2025-08-04,5,SU005,Suite,1000000,Check-in,Direct Booking
B0284,2025-04-01,2025-06-18,2025-06-21,3,ST043,Standard,300000,Check-in,Corporate
B0285,2025-09-19,2025-12-09,2025-12-14,5,DE111,Deluxe,500000,Check-in,OTA (Agoda)
B0286,2025-07-17,2025-09-13,2025-09-16,3,ST034,Standard,300000,Check-in,OTA (Booking.com)
B0287,2025-09-13,2025-11-13,2025-11-17,4,ST071,Standard,300000,Check-in,Direct Booking
B0288,2025-09-20,2025-09-28,2025-10-01,3,ST029,Standard,300000,Check-in,OTA (Booking.com)
B0289,2025-04-25,2025-04-30,2025-05-01,1,DE027,Deluxe,500000,Check-in,Direct Booking
B0290,2025-12-04,2025-12-16,2025-12-19,3,DE106,Deluxe,500000,Check-in,OTA (Booking.com)
B0291,2025-11-11,2025-11-17,2025-11-22,5,ST064,Standard,300000,Check-in,OTA (Booking.com)
B0292,2025-10-13,2025-12-13,2025-12-15,2,SU022,Suite,1000000,Cancel,OTA (Booking.com)
B0293,2025-03-31,2025-05-14,2025-05-17,3,ST015,Standard,300000,Check-in,Direct Booking
B0294,2025-09-15,2025-11-11,2025-11-12,1,ST016,Standard,300000,Check-in,Direct Booking
B0295,2025-07-06,2025-08-23,2025-08-28,5,DE025,Deluxe,500000,Check-in,OTA (Booking.com)
B0296,2025-02-09,2025-04-27,2025-05-02,5,ST052,Standard,300000,Check-in,Direct Booking
B0297,2025-10-02,2025-10-15,2025-10-19,4,DE037,Deluxe,500000,Check-in,OTA (Agoda)
B0298,2025-03-30,2025-06-16,2025-06-18,2,DE045,Deluxe,500000,Check-in,OTA (Booking.com)
B0299,2025-07-23,2025-09-06,2025-09-09,3,ST062,Standard,300000,Check-in,OTA (Booking.com)
B0300,2025-02-26,2025-05-14,2025-05-16,2,DE053,Deluxe,500000,Check-in,OTA (Booking.com)
B0301,2025-04-23,2025-06-05,2025-06-08,3,ST001,Standard,300000,Check-in,Corporate
B0302,2025-09-29,2025-12-26,2025-12-27,1,SU015,Suite,1000000,Check-in,OTA (Booking.com)
B0303,2025-02-22,2025-04-10,2025-04-15,5,DE119,Deluxe,500000,Check-in,Corporate
B0304,2025-10-22,2025-12-05,2025-12-07,2,SU024,Suite,1000000,Check-in,Direct Booking
B0305,2025-08-20,2025-08-30,2025-09-02,3,SU004,Suite,1000000,Check-in,OTA (Booking.com)
B0306,2025-02-11,2025-04-20,2025-04-21,1,ST006,Standard,300000,Check-in,OTA (Agoda)
B0307,2025-09-23,2025-10-10,2025-10-14,4,SU012,Suite,1000000,Check-in,OTA (Agoda)
B0308,2025-04-05,2025-06-24,2025-06-27,3,ST009,Standard,300000,Check-in,OTA (Booking.com)
B0309,2025-05-05,2025-07-31,2025-08-03,3,DE078,Deluxe,500000,Check-in,OTA (Agoda)
B0310,2025-06-01,2025-07-29,2025-08-01,3,ST087,Standard,300000,Check-in,Corporate
B0311,2025-05-09,2025-07-09,2025-07-13,4,DE013,Deluxe,500000,Check-in,OTA (Booking.com)
B0312,2025-09-27,2025-11-23,2025-11-24,1,DE046,Deluxe,500000,Check-in,OTA (Booking.com)
B0313,2025-04-29,2025-06-22,2025-06-25,3,SU002,Suite,1000000,Check-in,Direct Booking
B0314,2025-03-25,2025-04-27,2025-04-29,2,ST034,Standard,300000,Check-in,OTA (Booking.com)
B0315,2025-12-07,2025-12-21,2025-12-24,3,SU022,Suite,1000000,Check-in,OTA (Agoda)
B0316,2025-10-13,2025-11-17,2025-11-20,3,ST063,Standard,300000,Check-in,OTA (Booking.com)
B0317,2025-10-19,2025-11-17,2025-11-20,3,DE052,Deluxe,500000,Cancel,OTA (Booking.com)
B0318,2025-10-24,2025-12-14,2025-12-16,2,DE065,Deluxe,500000,Check-in,Corporate
B0319,2025-06-06,2025-07-24,2025-07-27,3,SU009,Suite,1000000,Check-in,Direct Booking
B0320,2025-06-27,2025-09-19,2025-09-23,4,SU029,Suite,1000000,Check-in,Direct Booking
B0321,2025-04-11,2025-06-11,2025-06-15,4,ST063,Standard,300000,Check-in,OTA (Booking.com)
B0322,2025-03-30,2025-04-10,2025-04-11,1,DE073,Deluxe,500000,Check-in,Direct Booking
B0323,2025-10-10,2025-12-27,2025-12-29,2,DE095,Deluxe,500000,Check-in,Direct Booking
B0324,2025-04-24,2025-06-02,2025-06-04,2,SU011,Suite,1000000,Check-in,OTA (Booking.com)
B0325,2025-09-02,2025-11-21,2025-11-24,3,SU014,Suite,1000000,Check-in,Corporate
B0326,2025-01-22,2025-04-09,2025-04-11,2,ST067,Standard,300000,Check-in,Direct Booking
B0327,2025-08-09,2025-08-28,2025-08-29,1,DE066,Deluxe,500000,Check-in,OTA (Booking.com)
B0328,2025-08-18,2025-10-31,2025-11-05,5,SU009,Suite,1000000,Check-in,Direct Booking
B0329,2025-03-19,2025-05-05,2025-05-06,1,ST090,Standard,300000,Check-in,OTA (Agoda)
B0330,2025-02-05,2025-04-11,2025-04-16,5,DE014,Deluxe,500000,Check-in,Direct Booking
B0331,2025-08-20,2025-10-09,2025-10-14,5,DE071,Deluxe,500000,Check-in,OTA (Booking.com)
B0332,2025-09-15,2025-09-24,2025-09-27,3,SU014,Suite,1000000,Check-in,OTA (Booking.com)
B0333,2025-07-05,2025-09-18,2025-09-19,1,SU019,Suite,1000000,Check-in,OTA (Booking.com)
B0334,2025-04-07,2025-06-29,2025-06-30,1,ST034,Standard,300000,Check-in,OTA (Booking.com)
B0335,2025-04-13,2025-07-03,2025-07-05,2,SU027,Suite,1000000,Check-in,OTA (Agoda)
B0336,2025-02-19,2025-04-19,2025-04-24,5,DE067,Deluxe,500000,Check-in,OTA (Agoda)
B0337,2025-09-03,2025-09-09,2025-09-10,1,DE023,Deluxe,500000,Check-in,Corporate
B0338,2025-09-20,2025-11-29,2025-12-01,2,DE063,Deluxe,500000,Check-in,OTA (Booking.com)
B0339,2025-08-24,2025-09-30,2025-10-04,4,SU001,Suite,1000000,Check-in,OTA (Booking.com)
B0340,2025-09-20,2025-10-06,2025-10-11,5,DE054,Deluxe,500000,Check-in,OTA (Agoda)
B0341,2025-08-02,2025-09-21,2025-09-23,2,SU016,Suite,1000000,Check-in,OTA (Booking.com)
B0342,2025-06-09,2025-08-15,2025-08-17,2,SU026,Suite,1000000,Check-in,Direct Booking
B0343,2025-04-15,2025-07-02,2025-07-06,4,ST029,Standard,300000,Check-in,Direct Booking
B0344,2025-07-19,2025-08-30,2025-09-03,4,DE001,Deluxe,500000,Check-in,OTA (Agoda)
B0345,2025-10-23,2025-11-14,2025-11-17,3,DE087,Deluxe,500000,Check-in,OTA (Agoda)
B0346,2025-09-24,2025-11-09,2025-11-13,4,DE020,Deluxe,500000,Check-in,OTA (Agoda)
B0347,2025-05-01,2025-05-09,2025-05-12,3,ST006,Standard,300000,Check-in,OTA (Booking.com)
B0348,2025-03-26,2025-06-21,2025-06-23,2,SU018,Suite,1000000,Check-in,OTA (Booking.com)
B0349,2025-02-20,2025-04-18,2025-04-21,3,SU021,Suite,1000000,Check-in,OTA (Agoda)
B0350,2025-08-17,2025-10-03,2025-10-05,2,DE110,Deluxe,500000,Cancel,Direct Booking
B0351,2025-10-28,2025-11-17,2025-11-19,2,DE036,Deluxe,500000,Check-in,OTA (Agoda)
B0352,2025-03-28,2025-06-10,2025-06-11,1,ST074,Standard,300000,Check-in,OTA (Booking.com)
B0353,2025-07-01,2025-08-06,2025-08-08,2,SU003,Suite,1000000,Check-in,Direct Booking
B0354,2025-08-10,2025-10-16,2025-10-17,1,ST019,Standard,300000,Check-in,OTA (Agoda)
B0355,2025-05-22,2025-07-19,2025-07-20,1,ST018,Standard,300000,Check-in,Corporate
B0356,2025-05-10,2025-07-12,2025-07-13,1,SU006,Suite,1000000,Check-in,Direct Booking
B0357,2025-10-22,2025-11-14,2025-11-19,5,SU021,Suite,1000000,Check-in,Corporate
B0358,2025-08-15,2025-09-25,2025-09-26,1,ST056,Standard,300000,Check-in,OTA (Booking.com)
B0359,2025-05-12,2025-06-20,2025-06-21,1,ST030,Standard,300000,Check-in,OTA (Agoda)
B0360,2025-09-10,2025-10-03,2025-10-07,4,ST025,Standard,300000,Check-in,Corporate
B0361,2025-07-13,2025-07-31,2025-08-03,3,DE031,Deluxe,500000,Check-in,OTA (Booking.com)
B0362,2025-10-09,2025-11-26,2025-11-27,1,ST074,Standard,300000,Check-in,OTA (Agoda)
B0363,2025-08-28,2025-09-06,2025-09-08,2,DE114,Deluxe,500000,Cancel,OTA (Agoda)
B0364,2025-08-21,2025-10-28,2025-11-01,4,DE111,Deluxe,500000,Check-in,Direct Booking
B0365,2025-03-28,2025-05-08,2025-05-10,2,DE057,Deluxe,500000,Check-in,OTA (Booking.com)
B0366,2025-06-16,2025-07-03,2025-07-06,3,SU015,Suite,1000000,Check-in,Corporate
B0367,2025-05-26,2025-06-03,2025-06-04,1,ST083,Standard,300000,Check-in,Direct Booking
B0368,2025-06-13,2025-07-25,2025-07-28,3,DE061,Deluxe,500000,Cancel,OTA (Booking.com)
B0369,2025-04-04,2025-05-11,2025-05-16,5,DE030,Deluxe,500000,Check-in,Corporate
B0370,2025-04-29,2025-06-04,2025-06-08,4,ST034,Standard,300000,Check-in,OTA (Booking.com)
B0371,2025-04-22,2025-06-26,2025-06-29,3,ST074,Standard,300000,Cancel,Direct Booking
B0372,2025-06-27,2025-09-20,2025-09-21,1,ST072,Standard,300000,Check-in,OTA (Agoda)
B0373,2025-04-13,2025-04-24,2025-04-26,2,ST017,Standard,300000,Check-in,Direct Booking
B0374,2025-10-04,2025-10-31,2025-11-02,2,ST048,Standard,300000,Check-in,OTA (Booking.com)
B0375,2025-06-07,2025-08-27,2025-09-01,5,ST032,Standard,300000,Cancel,OTA (Booking.com)
B0376,2025-07-29,2025-10-25,2025-10-28,3,DE022,Deluxe,500000,Check-in,OTA (Booking.com)
B0377,2025-10-22,2025-11-12,2025-11-15,3,DE079,Deluxe,500000,Check-in,Direct Booking
B0378,2025-03-27,2025-06-13,2025-06-14,1,DE025,Deluxe,500000,Check-in,OTA (Booking.com)
B0379,2025-09-07,2025-10-22,2025-10-25,3,SU008,Suite,1000000,Check-in,OTA (Booking.com)
B0380,2025-08-28,2025-09-11,2025-09-15,4,SU017,Suite,1000000,Check-in,Direct Booking
B0381,2025-05-11,2025-06-12,2025-06-13,1,SU001,Suite,1000000,Check-in,Corporate
B0382,2025-08-14,2025-11-01,2025-11-03,2,SU018,Suite,1000000,Cancel,Corporate
B0383,2025-07-28,2025-09-08,2025-09-10,2,SU028,Suite,1000000,Check-in,OTA (Booking.com)
B0384,2025-09-21,2025-11-26,2025-11-30,4,DE098,Deluxe,500000,Check-in,OTA (Booking.com)
B0385,2025-10-07,2025-10-19,2025-10-24,5,ST074,Standard,300000,Check-in,Direct Booking
B0386,2025-07-15,2025-09-28,2025-09-29,1,SU016,Suite,1000000,Check-in,OTA (Booking.com)
B0387,2025-09-04,2025-11-27,2025-12-01,4,DE108,Deluxe,500000,Check-in,OTA (Agoda)
B0388,2025-04-13,2025-06-08,2025-06-10,2,DE108,Deluxe,500000,Check-in,OTA (Agoda)
B0389,2025-03-08,2025-04-24,2025-04-29,5,DE098,Deluxe,500000,Check-in,OTA (Booking.com)
B0390,2025-07-10,2025-08-26,2025-08-29,3,SU027,Suite,1000000,Check-in,OTA (Booking.com)
B0391,2025-06-12,2025-08-22,2025-08-26,4,ST025,Standard,300000,Check-in,Direct Booking
B0392,2025-10-06,2025-10-19,2025-10-24,5,DE052,Deluxe,500000,Check-in,OTA (Booking.com)
B0393,2025-04-27,2025-06-13,2025-06-15,2,SU009,Suite,1000000,Check-in,OTA (Booking.com)
B0394,2025-04-18,2025-04-24,2025-04-28,4,SU008,Suite,1000000,Check-in,OTA (Booking.com)
B0395,2025-10-22,2025-12-22,2025-12-27,5,DE038,Deluxe,500000,Check-in,OTA (Agoda)
B0396,2025-08-28,2025-09-15,2025-09-18,3,ST058,Standard,300000,Check-in,OTA (Booking.com)
B0397,2025-06-14,2025-09-01,2025-09-05,4,ST090,Standard,300000,Check-in,OTA (Agoda)
B0398,2025-09-29,2025-12-07,2025-12-10,3,ST090,Standard,300000,Check-in,OTA (Booking.com)
B0399,2025-10-03,2025-10-06,2025-10-09,3,DE040,Deluxe,500000,Check-in,Corporate
B0400,2025-06-22,2025-09-05,2025-09-10,5,ST013,Standard,300000,Check-in,OTA (Booking.com)
B0401,2025-09-13,2025-11-29,2025-12-04,5,DE101,Deluxe,500000,Cancel,OTA (Agoda)
B0402,2025-05-12,2025-07-26,2025-07-30,4,ST084,Standard,300000,Check-in,OTA (Booking.com)
B0403,2025-08-05,2025-10-12,2025-10-17,5,SU009,Suite,1000000,Check-in,Direct Booking
B0404,2025-03-14,2025-05-27,2025-05-30,3,SU023,Suite,1000000,Check-in,OTA (Booking.com)
B0405,2025-10-09,2025-10-29,2025-11-02,4,ST074,Standard,300000,Check-in,OTA (Booking.com)
B0406,2025-09-10,2025-11-28,2025-11-30,2,ST065,Standard,300000,Check-in,OTA (Agoda)
B0407,2025-05-10,2025-07-16,2025-07-20,4,ST031,Standard,300000,Check-in,OTA (Booking.com)
B0408,2025-08-03,2025-10-10,2025-10-15,5,DE106,Deluxe,500000,Cancel,OTA (Booking.com)
B0409,2025-07-16,2025-09-23,2025-09-25,2,ST062,Standard,300000,Check-in,OTA (Agoda)
B0410,2025-05-18,2025-08-14,2025-08-15,1,ST044,Standard,300000,Check-in,Corporate
B0411,2025-07-26,2025-08-31,2025-09-05,5,SU027,Suite,1000000,Cancel,Corporate
B0412,2025-06-09,2025-07-16,2025-07-20,4,ST014,Standard,300000,Check-in,OTA (Booking.com)
B0413,2025-07-05,2025-08-19,2025-08-23,4,DE079,Deluxe,500000,Check-in,OTA (Booking.com)
B0414,2025-09-01,2025-10-20,2025-10-23,3,DE100,Deluxe,500000,Cancel,OTA (Agoda)
B0415,2025-03-15,2025-04-22,2025-04-25,3,DE073,Deluxe,500000,Cancel,Direct Booking
B0416,2025-06-14,2025-08-10,2025-08-14,4,ST054,Standard,300000,Check-in,Direct Booking
B0417,2025-06-09,2025-08-17,2025-08-21,4,ST014,Standard,300000,Check-in,Direct Booking
B0418,2025-05-14,2025-08-01,2025-08-05,4,SU030,Suite,1000000,Check-in,Corporate
B0419,2025-06-30,2025-07-29,2025-07-31,2,SU011,Suite,1000000,Check-in,OTA (Booking.com)
B0420,2025-03-22,2025-05-22,2025-05-23,1,ST049,Standard,300000,Check-in,Direct Booking
B0421,2025-04-10,2025-06-20,2025-06-24,4,DE081,Deluxe,500000,Check-in,OTA (Agoda)
B0422,2025-10-01,2025-12-01,2025-12-04,3,ST080,Standard,300000,Check-in,Corporate
B0423,2025-07-14,2025-08-25,2025-08-28,3,ST009,Standard,300000,Check-in,OTA (Agoda)
B0424,2025-05-05,2025-07-28,2025-07-30,2,ST035,Standard,300000,Check-in,OTA (Agoda)
B0425,2025-06-24,2025-06-29,2025-07-03,4,DE034,Deluxe,500000,Check-in,Direct Booking
B0426,2025-10-16,2025-10-21,2025-10-25,4,DE024,Deluxe,500000,Check-in,OTA (Agoda)
B0427,2025-03-13,2025-04-20,2025-04-22,2,SU001,Suite,1000000,Check-in,OTA (Booking.com)
B0428,2025-07-12,2025-08-24,2025-08-28,4,DE040,Deluxe,500000,Cancel,OTA (Booking.com)
B0429,2025-04-05,2025-06-08,2025-06-09,1,ST072,Standard,300000,Check-in,Direct Booking
B0430,2025-09-02,2025-09-17,2025-09-18,1,SU004,Suite,1000000,Check-in,OTA (Booking.com)
B0431,2025-03-15,2025-04-08,2025-04-10,2,ST001,Standard,300000,Check-in,Direct Booking
B0432,2025-04-12,2025-07-08,2025-07-10,2,SU029,Suite,1000000,Check-in,OTA (Booking.com)
B0433,2025-09-14,2025-11-05,2025-11-08,3,ST013,Standard,300000,Check-in,OTA (Booking.com)
B0434,2025-06-21,2025-07-04,2025-07-07,3,SU017,Suite,1000000,Check-in,Corporate
B0435,2025-08-11,2025-08-12,2025-08-16,4,DE098,Deluxe,500000,Check-in,OTA (Agoda)
B0436,2025-07-21,2025-09-02,2025-09-06,4,ST086,Standard,300000,Check-in,Direct Booking
B0437,2025-07-10,2025-10-02,2025-10-07,5,ST090,Standard,300000,Check-in,OTA (Booking.com)
B0438,2025-07-07,2025-09-05,2025-09-10,5,SU026,Suite,1000000,Check-in,OTA (Booking.com)
B0439,2025-04-21,2025-05-31,2025-06-04,4,ST018,Standard,300000,Cancel,Direct Booking
B0440,2025-05-05,2025-07-23,2025-07-24,1,SU006,Suite,1000000,Cancel,OTA (Booking.com)
B0441,2025-08-11,2025-10-09,2025-10-12,3,DE094,Deluxe,500000,Check-in,Corporate
B0442,2025-05-13,2025-07-21,2025-07-23,2,SU014,Suite,1000000,Check-in,OTA (Booking.com)
B0443,2025-12-15,2025-12-26,2025-12-31,5,DE016,Deluxe,500000,Check-in,OTA (Booking.com)
B0444,2025-03-16,2025-05-28,2025-05-29,1,SU006,Suite,1000000,Check-in,Corporate
B0445,2025-05-21,2025-06-16,2025-06-20,4,SU007,Suite,1000000,Check-in,OTA (Booking.com)
B0446,2025-06-30,2025-07-15,2025-07-17,2,ST067,Standard,300000,Check-in,Direct Booking
B0447,2025-09-10,2025-11-15,2025-11-17,2,SU030,Suite,1000000,Check-in,OTA (Booking.com)
B0448,2025-03-02,2025-04-30,2025-05-03,3,ST020,Standard,300000,Check-in,OTA (Agoda)
B0449,2025-10-17,2025-10-20,2025-10-24,4,DE002,Deluxe,500000,Check-in,OTA (Agoda)
B0450,2025-02-22,2025-05-08,2025-05-12,4,SU015,Suite,1000000,Check-in,OTA (Agoda)
B0451,2025-02-20,2025-05-01,2025-05-03,2,SU002,Suite,1000000,Cancel,OTA (Booking.com)
B0452,2025-09-20,2025-10-27,2025-11-01,5,SU029,Suite,1000000,Check-in,OTA (Agoda)
B0453,2025-08-11,2025-11-02,2025-11-07,5,DE086,Deluxe,500000,Cancel,OTA (Booking.com)
B0454,2025-08-22,2025-10-10,2025-10-13,3,SU005,Suite,1000000,Check-in,OTA (Booking.com)
B0455,2025-03-30,2025-06-08,2025-06-11,3,ST055,Standard,300000,Check-in,Direct Booking
B0456,2025-08-11,2025-10-19,2025-10-20,1,ST057,Standard,300000,Check-in,Corporate
B0457,2025-04-11,2025-04-12,2025-04-17,5,DE013,Deluxe,500000,Check-in,OTA (Agoda)
B0458,2025-11-04,2025-12-29,2025-12-31,2,DE084,Deluxe,500000,Check-in,Direct Booking
B0459,2025-05-05,2025-06-19,2025-06-24,5,DE050,Deluxe,500000,Check-in,OTA (Agoda)
B0460,2025-04-02,2025-04-17,2025-04-19,2,ST031,Standard,300000,Check-in,OTA (Agoda)
B0461,2025-07-30,2025-08-02,2025-08-06,4,SU013,Suite,1000000,Check-in,OTA (Booking.com)
B0462,2025-02-26,2025-04-25,2025-04-30,5,SU029,Suite,1000000,Check-in,OTA (Booking.com)
B0463,2025-06-21,2025-07-21,2025-07-26,5,SU022,Suite,1000000,Check-in,Corporate
B0464,2025-08-12,2025-09-11,2025-09-15,4,ST078,Standard,300000,Check-in,OTA (Booking.com)
B0465,2025-06-19,2025-07-31,2025-08-05,5,DE119,Deluxe,500000,Check-in,Corporate
B0466,2025-05-17,2025-07-23,2025-07-27,4,DE078,Deluxe,500000,Check-in,Direct Booking
B0467,2025-04-14,2025-06-29,2025-07-01,2,ST008,Standard,300000,Check-in,OTA (Booking.com)
B0468,2025-09-17,2025-09-24,2025-09-27,3,ST009,Standard,300000,Check-in,OTA (Agoda)
B0469,2025-09-20,2025-10-31,2025-11-05,5,DE034,Deluxe,500000,Check-in,OTA (Booking.com)
B0470,2025-09-21,2025-11-29,2025-12-03,4,SU024,Suite,1000000,Check-in,OTA (Booking.com)
B0471,2025-11-05,2025-11-24,2025-11-28,4,SU029,Suite,1000000,Check-in,Corporate
B0472,2025-10-17,2025-12-28,2026-01-02,5,SU001,Suite,1000000,Check-in,Direct Booking
B0473,2025-03-29,2025-05-11,2025-05-13,2,DE064,Deluxe,500000,Check-in,Direct Booking
B0474,2025-04-02,2025-04-27,2025-04-30,3,DE098,Deluxe,500000,Check-in,OTA (Booking.com)
B0475,2025-05-02,2025-05-08,2025-05-09,1,SU008,Suite,1000000,Check-in,OTA (Booking.com)
B0476,2025-04-26,2025-07-21,2025-07-23,2,DE097,Deluxe,500000,Check-in,Corporate
B0477,2025-02-28,2025-04-08,2025-04-10,2,SU001,Suite,1000000,Cancel,Corporate
B0478,2025-11-16,2025-12-02,2025-12-03,1,SU014,Suite,1000000,Check-in,OTA (Agoda)
B0479,2025-06-11,2025-08-01,2025-08-05,4,ST027,Standard,300000,Check-in,Direct Booking
B0480,2025-10-31,2025-12-30,2026-01-04,5,ST052,Standard,300000,Check-in,Direct Booking
B0481,2025-10-06,2025-12-11,2025-12-12,1,DE044,Deluxe,500000,Check-in,Corporate
B0482,2025-07-12,2025-09-11,2025-09-15,4,SU007,Suite,1000000,Check-in,OTA (Booking.com)
B0483,2025-05-11,2025-07-23,2025-07-27,4,ST058,Standard,300000,Check-in,Direct Booking
B0484,2025-08-17,2025-10-31,2025-11-04,4,DE091,Deluxe,500000,Check-in,OTA (Booking.com)
B0485,2025-06-16,2025-08-04,2025-08-07,3,DE066,Deluxe,500000,Check-in,Corporate
B0486,2025-06-27,2025-08-10,2025-08-13,3,DE090,Deluxe,500000,Cancel,OTA (Booking.com)
B0487,2025-09-20,2025-11-22,2025-11-24,2,SU024,Suite,1000000,Check-in,OTA (Booking.com)
B0488,2025-11-19,2025-12-07,2025-12-08,1,SU003,Suite,1000000,Cancel,OTA (Booking.com)
B0489,2025-02-07,2025-05-01,2025-05-02,1,ST046,Standard,300000,Check-in,OTA (Agoda)
B0490,2025-01-29,2025-04-25,2025-04-30,5,SU026,Suite,1000000,Check-in,OTA (Agoda)
B0491,2025-04-05,2025-05-05,2025-05-08,3,ST055,Standard,300000,Check-in,Direct Booking
B0492,2025-08-11,2025-10-09,2025-10-13,4,SU028,Suite,1000000,Check-in,OTA (Booking.com)
B0493,2025-09-16,2025-12-04,2025-12-08,4,ST068,Standard,300000,Check-in,Direct Booking
B0494,2025-08-18,2025-10-28,2025-11-01,4,SU018,Suite,1000000,Check-in,OTA (Agoda)
B0495,2025-06-17,2025-08-25,2025-08-29,4,SU023,Suite,1000000,Check-in,OTA (Booking.com)
B0496,2025-05-06,2025-07-01,2025-07-05,4,SU005,Suite,1000000,Cancel,OTA (Booking.com)
B0497,2025-06-07,2025-07-08,2025-07-10,2,ST009,Standard,300000,Check-in,OTA (Agoda)
B0498,2025-09-16,2025-10-21,2025-10-22,1,SU022,Suite,1000000,Check-in,OTA (Booking.com)
B0499,2025-05-22,2025-08-03,2025-08-04,1,ST052,Standard,300000,Check-in,OTA (Booking.com)
B0500,2025-04-06,2025-04-17,2025-04-18,1,SU028,Suite,1000000,Check-in,OTA (Booking.com)
B0501,2025-02-27,2025-04-29,2025-05-02,3,ST034,Standard,300000,Check-in,Direct Booking
B0502,2025-09-06,2025-11-09,2025-11-10,1,ST033,Standard,300000,Check-in,OTA (Booking.com)
B0503,2025-12-14,2025-12-27,2025-12-29,2,SU018,Suite,1000000,Check-in,Corporate
B0504,2025-09-02,2025-11-30,2025-12-05,5,DE067,Deluxe,500000,Check-in,Direct Booking
B0505,2025-03-12,2025-04-17,2025-04-19,2,SU018,Suite,1000000,Cancel,OTA (Booking.com)
B0506,2025-05-17,2025-06-13,2025-06-15,2,ST006,Standard,300000,Check-in,Corporate
B0507,2025-05-15,2025-06-23,2025-06-24,1,ST014,Standard,300000,Check-in,OTA (Agoda)
B0508,2025-07-29,2025-09-17,2025-09-21,4,DE033,Deluxe,500000,Check-in,Direct Booking
B0509,2025-02-11,2025-05-11,2025-05-12,1,ST024,Standard,300000,Check-in,OTA (Booking.com)
B0510,2025-10-28,2025-11-10,2025-11-14,4,SU003,Suite,1000000,Check-in,OTA (Booking.com)
B0511,2025-08-03,2025-10-21,2025-10-24,3,DE031,Deluxe,500000,Check-in,Direct Booking
B0512,2025-10-11,2025-12-08,2025-12-13,5,SU026,Suite,1000000,Check-in,Corporate
B0513,2025-05-10,2025-07-05,2025-07-09,4,ST017,Standard,300000,Check-in,OTA (Booking.com)
B0514,2025-06-11,2025-08-30,2025-09-02,3,SU007,Suite,1000000,Check-in,Direct Booking
B0515,2025-09-22,2025-10-12,2025-10-14,2,ST050,Standard,300000,Check-in,Direct Booking
B0516,2025-07-22,2025-09-10,2025-09-12,2,DE018,Deluxe,500000,Check-in,Direct Booking
B0517,2025-10-05,2025-11-14,2025-11-18,4,DE076,Deluxe,500000,Check-in,Direct Booking
B0518,2025-06-23,2025-07-05,2025-07-06,1,DE033,Deluxe,500000,Check-in,OTA (Booking.com)
B0519,2025-03-31,2025-05-23,2025-05-24,1,SU002,Suite,1000000,Check-in,OTA (Booking.com)
B0520,2025-06-29,2025-09-14,2025-09-17,3,DE079,Deluxe,500000,Check-in,OTA (Booking.com)
B0521,2025-07-23,2025-08-03,2025-08-05,2,ST022,Standard,300000,Check-in,OTA (Booking.com)
B0522,2025-05-20,2025-06-11,2025-06-16,5,DE092,Deluxe,500000,Check-in,OTA (Booking.com)
B0523,2025-06-16,2025-06-25,2025-06-29,4,DE013,Deluxe,500000,Check-in,Direct Booking
B0524,2025-09-22,2025-10-02,2025-10-05,3,DE022,Deluxe,500000,Cancel,OTA (Agoda)
B0525,2025-05-07,2025-07-10,2025-07-13,3,DE034,Deluxe,500000,Check-in,OTA (Booking.com)
B0526,2025-07-29,2025-09-18,2025-09-23,5,ST053,Standard,300000,Check-in,OTA (Agoda)
B0527,2025-07-24,2025-09-19,2025-09-20,1,DE086,Deluxe,500000,Check-in,OTA (Agoda)
B0528,2025-03-24,2025-06-09,2025-06-11,2,DE029,Deluxe,500000,Check-in,Corporate
B0529,2025-11-06,2025-12-02,2025-12-07,5,DE055,Deluxe,500000,Check-in,OTA (Booking.com)
B0530,2025-07-18,2025-08-28,2025-09-02,5,ST069,Standard,300000,Check-in,OTA (Booking.com)
B0531,2025-05-21,2025-08-03,2025-08-08,5,DE060,Deluxe,500000,Check-in,OTA (Agoda)
B0532,2025-08-14,2025-10-04,2025-10-08,4,SU017,Suite,1000000,Cancel,Direct Booking
B0533,2025-04-23,2025-07-02,2025-07-07,5,ST066,Standard,300000,Check-in,Direct Booking
B0534,2025-05-18,2025-07-17,2025-07-18,1,DE002,Deluxe,500000,Check-in,OTA (Agoda)
B0535,2025-10-18,2025-10-27,2025-10-29,2,ST070,Standard,300000,Check-in,OTA (Booking.com)
B0536,2025-07-08,2025-08-08,2025-08-09,1,ST044,Standard,300000,Check-in,OTA (Booking.com)
B0537,2025-03-20,2025-05-08,2025-05-10,2,DE033,Deluxe,500000,Cancel,OTA (Booking.com)
B0538,2025-11-08,2025-12-30,2026-01-03,4,ST037,Standard,300000,Cancel,OTA (Agoda)
B0539,2025-02-24,2025-04-19,2025-04-24,5,DE074,Deluxe,500000,Check-in,OTA (Agoda)
B0540,2025-02-26,2025-05-14,2025-05-16,2,SU029,Suite,1000000,Check-in,OTA (Booking.com)
B0541,2025-05-10,2025-06-25,2025-06-27,2,ST029,Standard,300000,Check-in,OTA (Booking.com)
B0542,2025-07-31,2025-10-22,2025-10-27,5,DE031,Deluxe,500000,Cancel,OTA (Booking.com)
B0543,2025-05-19,2025-05-21,2025-05-25,4,DE099,Deluxe,500000,Check-in,OTA (Agoda)
B0544,2025-05-12,2025-07-23,2025-07-25,2,DE105,Deluxe,500000,Check-in,OTA (Booking.com)
B0545,2025-09-17,2025-12-13,2025-12-16,3,SU023,Suite,1000000,Check-in,Direct Booking
B0546,2025-08-16,2025-08-30,2025-09-03,4,DE071,Deluxe,500000,Cancel,Direct Booking
B0547,2025-09-07,2025-09-26,2025-09-28,2,DE108,Deluxe,500000,Check-in,OTA (Agoda)
B0548,2025-09-28,2025-12-04,2025-12-05,1,DE023,Deluxe,500000,Check-in,OTA (Booking.com)
B0549,2025-08-20,2025-11-18,2025-11-21,3,DE107,Deluxe,500000,Check-in,Direct Booking
B0550,2025-03-28,2025-04-12,2025-04-15,3,DE113,Deluxe,500000,Check-in,OTA (Booking.com)
B0551,2025-07-12,2025-08-03,2025-08-06,3,ST034,Standard,300000,Check-in,Direct Booking
B0552,2025-08-25,2025-11-05,2025-11-09,4,DE071,Deluxe,500000,Check-in,OTA (Booking.com)
B0553,2025-06-11,2025-07-05,2025-07-09,4,ST090,Standard,300000,Check-in,OTA (Booking.com)
B0554,2025-04-23,2025-07-11,2025-07-14,3,DE049,Deluxe,500000,Check-in,OTA (Booking.com)
B0555,2025-06-17,2025-07-15,2025-07-16,1,DE112,Deluxe,500000,Check-in,OTA (Agoda)
B0556,2025-05-14,2025-05-23,2025-05-26,3,ST007,Standard,300000,Check-in,OTA (Booking.com)
B0557,2025-03-31,2025-05-29,2025-06-01,3,DE078,Deluxe,500000,Check-in,OTA (Booking.com)
B0558,2025-06-18,2025-09-08,2025-09-09,1,ST008,Standard,300000,Check-in,OTA (Booking.com)
B0559,2025-09-11,2025-09-26,2025-09-28,2,DE040,Deluxe,500000,Check-in,OTA (Booking.com)
B0560,2025-06-05,2025-08-31,2025-09-04,4,ST016,Standard,300000,Check-in,OTA (Booking.com)
B0561,2025-04-20,2025-05-31,2025-06-05,5,SU010,Suite,1000000,Check-in,Direct Booking
B0562,2025-03-15,2025-06-12,2025-06-13,1,ST035,Standard,300000,Check-in,OTA (Booking.com)
B0563,2025-08-01,2025-10-14,2025-10-16,2,DE011,Deluxe,500000,Check-in,OTA (Booking.com)
B0564,2025-03-31,2025-06-28,2025-06-30,2,ST047,Standard,300000,Check-in,Direct Booking
B0565,2025-08-16,2025-09-09,2025-09-13,4,DE063,Deluxe,500000,Check-in,OTA (Agoda)
B0566,2025-12-03,2025-12-05,2025-12-10,5,SU013,Suite,1000000,Check-in,OTA (Booking.com)
B0567,2025-10-04,2025-12-15,2025-12-19,4,ST054,Standard,300000,Check-in,OTA (Booking.com)
B0568,2025-09-21,2025-11-14,2025-11-15,1,DE048,Deluxe,500000,Check-in,OTA (Booking.com)
B0569,2025-07-30,2025-08-28,2025-09-02,5,SU030,Suite,1000000,Check-in,OTA (Booking.com)
B0570,2025-10-30,2025-11-21,2025-11-23,2,ST003,Standard,300000,Check-in,OTA (Agoda)
B0571,2025-10-08,2025-12-18,2025-12-19,1,SU005,Suite,1000000,Check-in,Direct Booking
B0572,2025-07-27,2025-10-05,2025-10-10,5,ST037,Standard,300000,Check-in,Direct Booking
B0573,2025-05-25,2025-07-21,2025-07-24,3,DE028,Deluxe,500000,Check-in,OTA (Agoda)
B0574,2025-07-30,2025-08-31,2025-09-02,2,SU016,Suite,1000000,Check-in,OTA (Booking.com)
B0575,2025-10-30,2025-11-11,2025-11-16,5,SU021,Suite,1000000,Check-in,Direct Booking
B0576,2025-07-13,2025-09-27,2025-09-29,2,ST001,Standard,300000,Check-in,OTA (Booking.com)
B0577,2025-03-24,2025-06-11,2025-06-12,1,SU023,Suite,1000000,Check-in,OTA (Agoda)
B0578,2025-07-16,2025-09-27,2025-09-28,1,ST066,Standard,300000,Check-in,OTA (Booking.com)
B0579,2025-07-17,2025-08-28,2025-09-01,4,DE006,Deluxe,500000,Check-in,Corporate
B0580,2025-03-14,2025-05-19,2025-05-21,2,SU003,Suite,1000000,Cancel,OTA (Agoda)
B0581,2025-08-12,2025-08-20,2025-08-24,4,ST024,Standard,300000,Check-in,OTA (Agoda)
B0582,2025-05-13,2025-06-14,2025-06-17,3,ST078,Standard,300000,Check-in,Direct Booking
B0583,2025-07-24,2025-10-19,2025-10-24,5,DE018,Deluxe,500000,Check-in,OTA (Booking.com)
B0584,2025-08-10,2025-10-30,2025-11-01,2,DE006,Deluxe,500000,Check-in,OTA (Booking.com)
B0585,2025-10-12,2025-10-24,2025-10-29,5,ST026,Standard,300000,Check-in,OTA (Booking.com)
B0586,2025-10-02,2025-11-19,2025-11-24,5,DE116,Deluxe,500000,Check-in,Direct Booking
B0587,2025-11-09,2025-11-21,2025-11-23,2,ST045,Standard,300000,Check-in,OTA (Booking.com)
B0588,2025-12-21,2025-12-30,2026-01-04,5,DE081,Deluxe,500000,Check-in,OTA (Booking.com)
B0589,2025-11-12,2025-12-10,2025-12-14,4,DE075,Deluxe,500000,Check-in,Direct Booking
B0590,2025-03-27,2025-06-06,2025-06-09,3,ST008,Standard,300000,Check-in,OTA (Agoda)
B0591,2025-01-27,2025-04-25,2025-04-28,3,SU017,Suite,1000000,Check-in,OTA (Agoda)
B0592,2025-02-09,2025-04-09,2025-04-14,5,SU024,Suite,1000000,Cancel,Direct Booking
B0593,2025-02-01,2025-04-01,2025-04-06,5,DE014,Deluxe,500000,Check-in,OTA (Booking.com)
B0594,2025-08-16,2025-09-02,2025-09-06,4,SU019,Suite,1000000,Check-in,OTA (Agoda)
B0595,2025-09-20,2025-10-02,2025-10-04,2,DE119,Deluxe,500000,Check-in,OTA (Booking.com)
B0596,2025-04-01,2025-06-24,2025-06-28,4,SU029,Suite,1000000,Check-in,OTA (Booking.com)
B0597,2025-04-30,2025-07-29,2025-08-03,5,DE082,Deluxe,500000,Check-in,OTA (Agoda)
B0598,2025-07-18,2025-07-19,2025-07-21,2,DE111,Deluxe,500000,Check-in,OTA (Booking.com)
B0599,2025-09-08,2025-11-14,2025-11-18,4,SU014,Suite,1000000,Check-in,OTA (Booking.com)
B0600,2025-10-18,2025-11-03,2025-11-04,1,ST080,Standard,300000,Check-in,Direct Booking
B0601,2025-03-27,2025-05-16,2025-05-17,1,ST065,Standard,300000,Check-in,Direct Booking
B0602,2025-07-15,2025-09-01,2025-09-05,4,SU004,Suite,1000000,Check-in,OTA (Agoda)
B0603,2025-05-26,2025-06-13,2025-06-18,5,SU015,Suite,1000000,Check-in,Direct Booking
B0604,2025-04-01,2025-06-24,2025-06-27,3,DE078,Deluxe,500000,Check-in,Direct Booking
B0605,2025-10-08,2025-10-28,2025-10-29,1,ST044,Standard,300000,Check-in,OTA (Agoda)
B0606,2025-05-10,2025-05-22,2025-05-24,2,SU030,Suite,1000000,Check-in,OTA (Booking.com)
B0607,2025-08-08,2025-09-27,2025-10-02,5,DE100,Deluxe,500000,Check-in,Direct Booking
B0608,2025-04-08,2025-05-14,2025-05-15,1,SU028,Suite,1000000,Check-in,OTA (Booking.com)
B0609,2025-06-07,2025-08-24,2025-08-26,2,ST064,Standard,300000,Check-in,OTA (Agoda)
B0610,2025-06-06,2025-07-15,2025-07-19,4,ST060,Standard,300000,Check-in,Direct Booking
B0611,2025-07-10,2025-08-30,2025-09-02,3,ST034,Standard,300000,Check-in,OTA (Agoda)
B0612,2025-11-09,2025-12-10,2025-12-11,1,DE104,Deluxe,500000,Check-in,OTA (Booking.com)
B0613,2025-02-19,2025-05-07,2025-05-12,5,ST028,Standard,300000,Check-in,Direct Booking
B0614,2025-07-25,2025-09-10,2025-09-11,1,SU021,Suite,1000000,Check-in,OTA (Agoda)
B0615,2025-08-12,2025-10-05,2025-10-07,2,ST034,Standard,300000,Check-in,OTA (Agoda)
B0616,2025-03-30,2025-04-09,2025-04-14,5,ST082,Standard,300000,Check-in,Direct Booking
B0617,2025-04-25,2025-05-01,2025-05-02,1,DE034,Deluxe,500000,Check-in,OTA (Booking.com)
B0618,2025-08-26,2025-10-30,2025-10-31,1,DE009,Deluxe,500000,Check-in,Direct Booking
B0619,2025-04-10,2025-06-18,2025-06-23,5,DE102,Deluxe,500000,Check-in,Direct Booking
B0620,2025-05-23,2025-06-19,2025-06-22,3,ST029,Standard,300000,Check-in,OTA (Booking.com)
B0621,2025-02-09,2025-05-04,2025-05-06,2,DE016,Deluxe,500000,Check-in,OTA (Agoda)
B0622,2025-03-30,2025-04-30,2025-05-05,5,SU006,Suite,1000000,Check-in,OTA (Booking.com)
B0623,2025-03-01,2025-04-29,2025-05-04,5,DE011,Deluxe,500000,Check-in,OTA (Booking.com)
B0624,2025-05-09,2025-06-01,2025-06-06,5,SU026,Suite,1000000,Check-in,OTA (Agoda)
B0625,2025-11-20,2025-12-11,2025-12-12,1,DE063,Deluxe,500000,Check-in,OTA (Agoda)
B0626,2025-05-22,2025-06-25,2025-06-27,2,DE117,Deluxe,500000,Check-in,OTA (Agoda)
B0627,2025-04-26,2025-05-31,2025-06-02,2,SU022,Suite,1000000,Check-in,OTA (Booking.com)
B0628,2025-02-24,2025-05-03,2025-05-04,1,DE050,Deluxe,500000,Check-in,OTA (Booking.com)
B0629,2025-12-01,2025-12-11,2025-12-16,5,DE019,Deluxe,500000,Check-in,Direct Booking
B0630,2025-04-13,2025-06-25,2025-06-27,2,DE020,Deluxe,500000,Check-in,OTA (Agoda)
B0631,2025-03-17,2025-05-30,2025-06-01,2,SU020,Suite,1000000,Check-in,Direct Booking
B0632,2025-08-02,2025-08-04,2025-08-08,4,SU019,Suite,1000000,Check-in,OTA (Booking.com)
B0633,2025-06-11,2025-07-01,2025-07-02,1,SU002,Suite,1000000,Check-in,Corporate
B0634,2025-08-09,2025-11-01,2025-11-06,5,SU030,Suite,1000000,Check-in,OTA (Booking.com)
B0635,2025-07-07,2025-08-17,2025-08-21,4,SU006,Suite,1000000,Check-in,Direct Booking
B0636,2025-01-30,2025-04-27,2025-05-02,5,SU026,Suite,1000000,Check-in,OTA (Booking.com)
B0637,2025-10-17,2025-10-23,2025-10-24,1,SU016,Suite,1000000,Check-in,OTA (Agoda)
B0638,2025-08-06,2025-09-15,2025-09-18,3,SU007,Suite,1000000,Check-in,Direct Booking
B0639,2025-08-02,2025-08-28,2025-09-02,5,ST080,Standard,300000,Check-in,OTA (Agoda)
B0640,2025-10-23,2025-11-24,2025-11-29,5,DE111,Deluxe,500000,Check-in,OTA (Booking.com)
B0641,2025-07-09,2025-08-04,2025-08-06,2,SU026,Suite,1000000,Check-in,OTA (Booking.com)
B0642,2025-08-26,2025-09-25,2025-09-29,4,ST045,Standard,300000,Check-in,OTA (Agoda)
B0643,2025-02-17,2025-04-01,2025-04-06,5,ST053,Standard,300000,Check-in,OTA (Agoda)
B0644,2025-04-14,2025-05-24,2025-05-26,2,SU029,Suite,1000000,Check-in,Direct Booking
B0645,2025-02-27,2025-05-01,2025-05-04,3,SU015,Suite,1000000,Check-in,Direct Booking
B0646,2025-11-23,2025-12-23,2025-12-25,2,DE092,Deluxe,500000,Check-in,OTA (Booking.com)
B0647,2025-05-08,2025-05-19,2025-05-24,5,ST035,Standard,300000,Check-in,OTA (Agoda)
B0648,2025-04-22,2025-05-02,2025-05-04,2,DE017,Deluxe,500000,Check-in,Direct Booking
B0649,2025-07-05,2025-08-12,2025-08-17,5,DE079,Deluxe,500000,Cancel,OTA (Booking.com)
B0650,2025-07-30,2025-09-10,2025-09-14,4,DE033,Deluxe,500000,Check-in,Direct Booking
B0651,2025-05-14,2025-06-09,2025-06-11,2,ST056,Standard,300000,Check-in,Direct Booking
B0652,2025-09-28,2025-11-25,2025-11-29,4,DE040,Deluxe,500000,Check-in,OTA (Booking.com)
B0653,2025-10-22,2025-11-18,2025-11-22,4,DE012,Deluxe,500000,Check-in,OTA (Agoda)
B0654,2025-06-08,2025-06-20,2025-06-22,2,ST015,Standard,300000,Check-in,OTA (Agoda)
B0655,2025-02-02,2025-04-21,2025-04-26,5,SU009,Suite,1000000,Check-in,OTA (Booking.com)
B0656,2025-07-25,2025-08-06,2025-08-11,5,DE014,Deluxe,500000,Check-in,Direct Booking
B0657,2025-07-04,2025-08-12,2025-08-16,4,SU019,Suite,1000000,Check-in,OTA (Booking.com)
B0658,2025-06-09,2025-08-06,2025-08-09,3,SU016,Suite,1000000,Check-in,OTA (Agoda)
B0659,2025-05-15,2025-06-02,2025-06-04,2,SU028,Suite,1000000,Check-in,OTA (Agoda)
B0660,2025-05-08,2025-06-06,2025-06-10,4,SU011,Suite,1000000,Check-in,OTA (Booking.com)
B0661,2025-02-22,2025-05-14,2025-05-18,4,ST087,Standard,300000,Check-in,Corporate
B0662,2025-04-02,2025-04-12,2025-04-17,5,SU005,Suite,1000000,Check-in,OTA (Booking.com)
B0663,2025-05-01,2025-05-18,2025-05-21,3,DE055,Deluxe,500000,Check-in,Corporate
B0664,2025-06-19,2025-06-26,2025-07-01,5,ST050,Standard,300000,Check-in,OTA (Agoda)
B0665,2025-02-11,2025-04-16,2025-04-20,4,DE104,Deluxe,500000,Check-in,Direct Booking
B0666,2025-06-07,2025-07-05,2025-07-08,3,DE111,Deluxe,500000,Check-in,OTA (Agoda)
B0667,2025-07-30,2025-08-04,2025-08-06,2,ST016,Standard,300000,Check-in,OTA (Booking.com)
B0668,2025-09-22,2025-12-02,2025-12-06,4,SU006,Suite,1000000,Check-in,OTA (Booking.com)
B0669,2025-05-19,2025-07-12,2025-07-15,3,ST064,Standard,300000,Check-in,OTA (Booking.com)
B0670,2025-01-19,2025-04-10,2025-04-14,4,DE091,Deluxe,500000,Check-in,OTA (Booking.com)
B0671,2025-09-26,2025-12-05,2025-12-06,1,DE058,Deluxe,500000,Cancel,OTA (Booking.com)
B0672,2025-06-28,2025-08-17,2025-08-20,3,SU026,Suite,1000000,Check-in,OTA (Booking.com)
B0673,2025-08-18,2025-08-22,2025-08-24,2,SU020,Suite,1000000,Check-in,OTA (Booking.com)
B0674,2025-06-13,2025-07-29,2025-07-30,1,SU009,Suite,1000000,Check-in,OTA (Booking.com)
B0675,2025-11-25,2025-12-30,2026-01-01,2,ST058,Standard,300000,Check-in,Corporate
B0676,2025-09-17,2025-10-16,2025-10-19,3,DE077,Deluxe,500000,Cancel,Corporate
B0677,2025-06-07,2025-06-30,2025-07-02,2,SU016,Suite,1000000,Check-in,OTA (Agoda)
B0678,2025-07-03,2025-10-01,2025-10-03,2,ST001,Standard,300000,Check-in,OTA (Agoda)
B0679,2025-03-31,2025-06-12,2025-06-14,2,ST005,Standard,300000,Cancel,OTA (Agoda)
B0680,2025-07-04,2025-09-06,2025-09-07,1,SU027,Suite,1000000,Check-in,Direct Booking
B0681,2025-06-22,2025-07-22,2025-07-24,2,SU012,Suite,1000000,Check-in,Direct Booking
B0682,2025-04-25,2025-07-13,2025-07-15,2,SU015,Suite,1000000,Check-in,Direct Booking
B0683,2025-03-20,2025-05-01,2025-05-06,5,SU029,Suite,1000000,Check-in,OTA (Agoda)
B0684,2025-05-08,2025-05-27,2025-05-28,1,ST028,Standard,300000,Check-in,Corporate
B0685,2025-09-02,2025-10-20,2025-10-21,1,ST054,Standard,300000,Check-in,OTA (Booking.com)
B0686,2025-06-02,2025-06-20,2025-06-24,4,ST064,Standard,300000,Cancel,OTA (Agoda)
B0687,2025-07-09,2025-09-10,2025-09-11,1,SU001,Suite,1000000,Check-in,OTA (Booking.com)
B0688,2025-07-13,2025-09-30,2025-10-01,1,SU013,Suite,1000000,Check-in,OTA (Agoda)
B0689,2025-07-18,2025-09-05,2025-09-06,1,ST041,Standard,300000,Check-in,Direct Booking
B0690,2025-10-17,2025-10-18,2025-10-20,2,ST049,Standard,300000,Check-in,OTA (Booking.com)
B0691,2025-05-05,2025-07-23,2025-07-24,1,ST039,Standard,300000,Check-in,Corporate
B0692,2025-08-29,2025-09-17,2025-09-22,5,ST002,Standard,300000,Check-in,OTA (Booking.com)
B0693,2025-05-15,2025-06-25,2025-06-26,1,ST027,Standard,300000,Check-in,Direct Booking
B0694,2025-06-25,2025-09-19,2025-09-21,2,DE107,Deluxe,500000,Check-in,Direct Booking
B0695,2025-02-05,2025-05-05,2025-05-06,1,DE041,Deluxe,500000,Check-in,Direct Booking
B0696,2025-04-24,2025-04-25,2025-04-29,4,DE031,Deluxe,500000,Check-in,OTA (Booking.com)
B0697,2025-10-07,2025-10-29,2025-11-01,3,DE044,Deluxe,500000,Check-in,OTA (Booking.com)
B0698,2025-04-03,2025-05-22,2025-05-24,2,DE017,Deluxe,500000,Check-in,OTA (Booking.com)
B0699,2025-04-28,2025-07-25,2025-07-27,2,SU029,Suite,1000000,Check-in,OTA (Agoda)
B0700,2025-08-24,2025-08-29,2025-09-02,4,SU024,Suite,1000000,Check-in,Corporate
B0701,2025-09-13,2025-09-23,2025-09-25,2,SU013,Suite,1000000,Check-in,Direct Booking
B0702,2025-05-08,2025-05-18,2025-05-22,4,DE019,Deluxe,500000,Check-in,OTA (Booking.com)
B0703,2025-02-13,2025-04-16,2025-04-20,4,DE030,Deluxe,500000,Cancel,Direct Booking
B0704,2025-04-25,2025-06-20,2025-06-23,3,SU026,Suite,1000000,Check-in,Direct Booking
B0705,2025-10-02,2025-10-27,2025-11-01,5,ST031,Standard,300000,Check-in,Corporate
B0706,2025-06-05,2025-08-14,2025-08-17,3,ST023,Standard,300000,Check-in,Direct Booking
B0707,2025-10-12,2025-10-19,2025-10-22,3,ST073,Standard,300000,Check-in,OTA (Booking.com)
B0708,2025-09-25,2025-10-02,2025-10-06,4,SU011,Suite,1000000,Check-in,Direct Booking
B0709,2025-09-08,2025-12-02,2025-12-05,3,SU020,Suite,1000000,Check-in,Direct Booking
B0710,2025-06-07,2025-08-28,2025-08-30,2,SU011,Suite,1000000,Check-in,Direct Booking
B0711,2025-10-08,2025-11-28,2025-12-01,3,DE066,Deluxe,500000,Check-in,Direct Booking
B0712,2025-07-25,2025-10-16,2025-10-21,5,SU029,Suite,1000000,Check-in,OTA (Booking.com)
B0713,2025-10-22,2025-11-15,2025-11-20,5,SU026,Suite,1000000,Check-in,OTA (Booking.com)
B0714,2025-07-18,2025-08-16,2025-08-20,4,ST071,Standard,300000,Check-in,OTA (Agoda)
B0715,2025-02-23,2025-05-20,2025-05-25,5,SU009,Suite,1000000,Check-in,OTA (Agoda)
B0716,2025-06-03,2025-07-26,2025-07-28,2,ST039,Standard,300000,Check-in,OTA (Booking.com)
B0717,2025-08-26,2025-11-01,2025-11-03,2,ST074,Standard,300000,Check-in,Corporate
B0718,2025-05-17,2025-07-30,2025-08-04,5,DE110,Deluxe,500000,Check-in,OTA (Booking.com)
B0719,2025-12-09,2025-12-14,2025-12-16,2,ST061,Standard,300000,Cancel,OTA (Agoda)
B0720,2025-03-20,2025-06-15,2025-06-17,2,SU015,Suite,1000000,Cancel,OTA (Booking.com)
B0721,2025-06-26,2025-07-18,2025-07-23,5,SU017,Suite,1000000,Check-in,OTA (Booking.com)
B0722,2025-08-13,2025-11-09,2025-11-13,4,SU013,Suite,1000000,Cancel,OTA (Booking.com)
B0723,2025-05-26,2025-08-11,2025-08-14,3,DE061,Deluxe,500000,Cancel,Corporate
B0724,2025-05-06,2025-05-15,2025-05-20,5,DE014,Deluxe,500000,Check-in,OTA (Booking.com)
B0725,2025-11-17,2025-12-23,2025-12-27,4,DE057,Deluxe,500000,Cancel,Direct Booking
B0726,2025-09-25,2025-12-24,2025-12-29,5,DE056,Deluxe,500000,Check-in,Direct Booking
B0727,2025-03-10,2025-05-22,2025-05-26,4,SU016,Suite,1000000,Check-in,Direct Booking
B0728,2025-08-18,2025-09-24,2025-09-25,1,DE101,Deluxe,500000,Check-in,OTA (Booking.com)
B0729,2025-09-16,2025-11-29,2025-12-01,2,SU015,Suite,1000000,Check-in,OTA (Booking.com)
B0730,2025-08-04,2025-10-23,2025-10-25,2,SU022,Suite,1000000,Check-in,OTA (Agoda)
B0731,2025-05-03,2025-07-31,2025-08-02,2,SU010,Suite,1000000,Check-in,Corporate
B0732,2025-02-22,2025-04-11,2025-04-13,2,DE027,Deluxe,500000,Check-in,OTA (Booking.com)
B0733,2025-11-02,2025-12-08,2025-12-10,2,ST036,Standard,300000,Check-in,Corporate
B0734,2025-05-09,2025-06-08,2025-06-09,1,DE103,Deluxe,500000,Cancel,OTA (Booking.com)
B0735,2025-07-05,2025-08-16,2025-08-19,3,ST045,Standard,300000,Check-in,OTA (Booking.com)
B0736,2025-10-19,2025-11-13,2025-11-14,1,SU019,Suite,1000000,Cancel,OTA (Booking.com)
B0737,2025-10-19,2025-12-21,2025-12-23,2,DE072,Deluxe,500000,Check-in,OTA (Booking.com)
B0738,2025-04-13,2025-05-04,2025-05-09,5,DE116,Deluxe,500000,Check-in,OTA (Booking.com)
B0739,2025-02-06,2025-04-15,2025-04-18,3,SU013,Suite,1000000,Check-in,OTA (Agoda)
B0740,2025-07-29,2025-08-06,2025-08-10,4,SU027,Suite,1000000,Check-in,Corporate
B0741,2025-07-24,2025-08-19,2025-08-22,3,DE007,Deluxe,500000,Check-in,OTA (Booking.com)
B0742,2025-03-13,2025-06-03,2025-06-04,1,ST082,Standard,300000,Check-in,OTA (Booking.com)
B0743,2025-08-30,2025-11-15,2025-11-18,3,SU023,Suite,1000000,Cancel,OTA (Booking.com)
B0744,2025-07-18,2025-09-27,2025-10-01,4,DE108,Deluxe,500000,Check-in,OTA (Agoda)
B0745,2025-02-17,2025-05-17,2025-05-21,4,DE097,Deluxe,500000,Check-in,Direct Booking
B0746,2025-05-06,2025-07-19,2025-07-22,3,SU016,Suite,1000000,Check-in,OTA (Booking.com)
B0747,2025-09-22,2025-10-27,2025-10-31,4,ST003,Standard,300000,Check-in,OTA (Agoda)
B0748,2025-01-07,2025-04-05,2025-04-09,4,DE004,Deluxe,500000,Cancel,OTA (Booking.com)
B0749,2025-01-18,2025-04-05,2025-04-10,5,SU017,Suite,1000000,Check-in,OTA (Agoda)
B0750,2025-07-10,2025-08-19,2025-08-24,5,DE010,Deluxe,500000,Check-in,OTA (Agoda)
B0751,2025-06-10,2025-08-08,2025-08-09,1,SU002,Suite,1000000,Check-in,OTA (Booking.com)
B0752,2025-08-02,2025-10-21,2025-10-22,1,ST064,Standard,300000,Check-in,OTA (Booking.com)
B0753,2025-07-16,2025-10-09,2025-10-10,1,ST052,Standard,300000,Check-in,OTA (Booking.com)
B0754,2025-04-17,2025-05-26,2025-05-27,1,DE041,Deluxe,500000,Check-in,Corporate
B0755,2025-06-24,2025-09-14,2025-09-16,2,DE017,Deluxe,500000,Check-in,OTA (Agoda)
B0756,2025-06-08,2025-08-31,2025-09-02,2,SU029,Suite,1000000,Check-in,OTA (Agoda)
B0757,2025-10-16,2025-10-24,2025-10-26,2,ST031,Standard,300000,Check-in,Direct Booking
B0758,2025-12-07,2025-12-11,2025-12-12,1,DE052,Deluxe,500000,Check-in,OTA (Booking.com)
B0759,2025-02-28,2025-04-19,2025-04-23,4,ST060,Standard,300000,Check-in,OTA (Booking.com)
B0760,2025-08-29,2025-09-23,2025-09-26,3,ST010,Standard,300000,Check-in,OTA (Booking.com)
B0761,2025-09-09,2025-11-30,2025-12-04,4,ST066,Standard,300000,Check-in,OTA (Booking.com)
B0762,2025-06-10,2025-07-02,2025-07-04,2,DE058,Deluxe,500000,Check-in,Direct Booking
B0763,2025-05-30,2025-07-03,2025-07-05,2,ST051,Standard,300000,Check-in,OTA (Booking.com)
B0764,2025-08-31,2025-09-29,2025-10-02,3,SU002,Suite,1000000,Check-in,OTA (Booking.com)
B0765,2025-08-26,2025-10-08,2025-10-10,2,DE081,Deluxe,500000,Check-in,OTA (Booking.com)
B0766,2025-11-11,2025-11-27,2025-12-01,4,SU014,Suite,1000000,Check-in,OTA (Booking.com)
B0767,2025-02-16,2025-05-07,2025-05-10,3,DE017,Deluxe,500000,Check-in,OTA (Booking.com)
B0768,2025-07-17,2025-10-13,2025-10-16,3,ST051,Standard,300000,Check-in,Direct Booking
B0769,2025-05-21,2025-06-10,2025-06-13,3,SU003,Suite,1000000,Check-in,Corporate
B0770,2025-04-15,2025-06-13,2025-06-18,5,DE078,Deluxe,500000,Check-in,Direct Booking
B0771,2025-11-25,2025-12-06,2025-12-10,4,DE084,Deluxe,500000,Check-in,Direct Booking
B0772,2025-02-07,2025-04-30,2025-05-04,4,SU015,Suite,1000000,Check-in,Direct Booking
B0773,2025-05-30,2025-06-21,2025-06-22,1,DE090,Deluxe,500000,Check-in,OTA (Agoda)
B0774,2025-10-23,2025-11-09,2025-11-11,2,ST035,Standard,300000,Check-in,OTA (Booking.com)
B0775,2025-08-13,2025-10-14,2025-10-19,5,SU003,Suite,1000000,Check-in,Direct Booking
B0776,2025-02-19,2025-04-08,2025-04-11,3,DE049,Deluxe,500000,Check-in,OTA (Booking.com)
B0777,2025-03-31,2025-04-03,2025-04-05,2,ST057,Standard,300000,Check-in,Direct Booking
B0778,2025-07-24,2025-09-07,2025-09-10,3,SU023,Suite,1000000,Check-in,OTA (Booking.com)
B0779,2025-05-16,2025-06-25,2025-06-26,1,SU003,Suite,1000000,Check-in,Direct Booking
B0780,2025-10-13,2025-11-20,2025-11-23,3,ST071,Standard,300000,Check-in,OTA (Booking.com)
B0781,2025-04-13,2025-06-08,2025-06-11,3,DE033,Deluxe,500000,Cancel,OTA (Booking.com)
B0782,2025-05-30,2025-06-24,2025-06-28,4,DE040,Deluxe,500000,Check-in,Direct Booking
B0783,2025-07-01,2025-07-18,2025-07-23,5,ST010,Standard,300000,Check-in,OTA (Booking.com)
B0784,2025-09-19,2025-10-05,2025-10-06,1,ST078,Standard,300000,Check-in,Direct Booking
B0785,2025-05-19,2025-08-09,2025-08-10,1,ST036,Standard,300000,Check-in,OTA (Booking.com)
B0786,2025-05-19,2025-05-26,2025-05-29,3,ST070,Standard,300000,Check-in,Direct Booking
B0787,2025-10-16,2025-10-31,2025-11-03,3,DE016,Deluxe,500000,Check-in,OTA (Booking.com)
B0788,2025-04-18,2025-06-18,2025-06-22,4,SU015,Suite,1000000,Check-in,OTA (Booking.com)
B0789,2025-09-24,2025-11-02,2025-11-05,3,ST041,Standard,300000,Check-in,OTA (Booking.com)
B0790,2025-03-22,2025-06-10,2025-06-13,3,DE061,Deluxe,500000,Check-in,Direct Booking
B0791,2025-03-12,2025-05-31,2025-06-05,5,DE049,Deluxe,500000,Check-in,Direct Booking
B0792,2025-06-16,2025-07-12,2025-07-17,5,DE012,Deluxe,500000,Check-in,Corporate
B0793,2025-09-11,2025-10-27,2025-11-01,5,DE093,Deluxe,500000,Check-in,OTA (Booking.com)
B0794,2025-11-06,2025-12-03,2025-12-04,1,DE040,Deluxe,500000,Check-in,Direct Booking
B0795,2025-05-15,2025-05-27,2025-05-31,4,ST016,Standard,300000,Check-in,Direct Booking
B0796,2025-12-06,2025-12-18,2025-12-22,4,SU003,Suite,1000000,Check-in,Direct Booking
B0797,2025-06-25,2025-07-28,2025-07-30,2,DE077,Deluxe,500000,Cancel,Direct Booking
B0798,2025-02-25,2025-04-26,2025-05-01,5,SU006,Suite,1000000,Check-in,OTA (Agoda)
B0799,2025-08-25,2025-10-02,2025-10-03,1,ST029,Standard,300000,Check-in,OTA (Agoda)
B0800,2025-04-11,2025-04-24,2025-04-29,5,SU021,Suite,1000000,Check-in,OTA (Booking.com)
B0801,2025-08-25,2025-09-16,2025-09-19,3,DE098,Deluxe,500000,Check-in,Corporate
B0802,2025-04-13,2025-05-18,2025-05-20,2,DE044,Deluxe,500000,Check-in,Direct Booking
B0803,2025-08-31,2025-10-22,2025-10-23,1,DE100,Deluxe,500000,Check-in,OTA (Booking.com)
B0804,2025-09-01,2025-11-02,2025-11-03,1,ST080,Standard,300000,Check-in,Direct Booking
B0805,2025-04-14,2025-05-01,2025-05-06,5,SU020,Suite,1000000,Check-in,Corporate
B0806,2025-09-10,2025-11-11,2025-11-16,5,SU009,Suite,1000000,Check-in,OTA (Agoda)
B0807,2025-01-26,2025-04-15,2025-04-18,3,ST038,Standard,300000,Check-in,OTA (Agoda)
B0808,2025-11-17,2025-12-04,2025-12-06,2,DE093,Deluxe,500000,Check-in,OTA (Booking.com)
B0809,2025-04-27,2025-05-03,2025-05-04,1,DE078,Deluxe,500000,Check-in,Direct Booking
B0810,2025-09-29,2025-12-25,2025-12-27,2,ST084,Standard,300000,Check-in,OTA (Booking.com)
B0811,2025-06-27,2025-09-21,2025-09-26,5,ST021,Standard,300000,Check-in,OTA (Agoda)
B0812,2025-10-26,2025-11-08,2025-11-11,3,ST077,Standard,300000,Check-in,OTA (Booking.com)
B0813,2025-07-22,2025-10-15,2025-10-17,2,SU001,Suite,1000000,Check-in,OTA (Booking.com)
B0814,2025-02-08,2025-04-28,2025-05-03,5,SU019,Suite,1000000,Check-in,Direct Booking
B0815,2025-10-10,2025-12-10,2025-12-11,1,SU028,Suite,1000000,Check-in,OTA (Booking.com)
B0816,2025-08-17,2025-09-17,2025-09-19,2,DE120,Deluxe,500000,Check-in,Direct Booking
B0817,2025-07-20,2025-10-11,2025-10-15,4,DE082,Deluxe,500000,Check-in,Direct Booking
B0818,2025-09-20,2025-11-16,2025-11-21,5,SU011,Suite,1000000,Check-in,OTA (Booking.com)
B0819,2025-11-25,2025-12-11,2025-12-15,4,ST077,Standard,300000,Check-in,Direct Booking
B0820,2025-02-25,2025-04-19,2025-04-23,4,ST068,Standard,300000,Check-in,OTA (Agoda)
B0821,2025-06-17,2025-09-03,2025-09-08,5,ST029,Standard,300000,Check-in,OTA (Booking.com)
B0822,2025-07-25,2025-09-22,2025-09-23,1,DE071,Deluxe,500000,Check-in,OTA (Agoda)
B0823,2025-07-20,2025-09-17,2025-09-19,2,ST043,Standard,300000,Check-in,OTA (Booking.com)
B0824,2025-07-11,2025-10-04,2025-10-05,1,ST085,Standard,300000,Check-in,Direct Booking
B0825,2025-04-29,2025-07-23,2025-07-28,5,SU001,Suite,1000000,Check-in,OTA (Agoda)
B0826,2025-11-16,2025-12-24,2025-12-26,2,DE017,Deluxe,500000,Check-in,Direct Booking
B0827,2025-11-17,2025-12-09,2025-12-10,1,SU030,Suite,1000000,Check-in,OTA (Agoda)
B0828,2025-04-02,2025-05-25,2025-05-29,4,DE055,Deluxe,500000,Check-in,Direct Booking
B0829,2025-05-30,2025-07-20,2025-07-21,1,DE065,Deluxe,500000,Check-in,Direct Booking
B0830,2025-04-12,2025-05-26,2025-05-31,5,DE065,Deluxe,500000,Check-in,OTA (Booking.com)
B0831,2025-03-08,2025-06-03,2025-06-08,5,DE077,Deluxe,500000,Check-in,OTA (Booking.com)
B0832,2025-04-04,2025-06-08,2025-06-13,5,DE087,Deluxe,500000,Check-in,OTA (Agoda)
B0833,2025-08-29,2025-11-08,2025-11-09,1,ST010,Standard,300000,Check-in,OTA (Booking.com)
B0834,2025-06-05,2025-06-28,2025-06-29,1,ST049,Standard,300000,Check-in,Direct Booking
B0835,2025-06-19,2025-09-12,2025-09-13,1,ST005,Standard,300000,Check-in,OTA (Booking.com)
B0836,2025-05-20,2025-08-06,2025-08-10,4,DE023,Deluxe,500000,Check-in,OTA (Booking.com)
B0837,2025-10-11,2025-11-18,2025-11-19,1,SU001,Suite,1000000,Check-in,OTA (Booking.com)
B0838,2025-06-27,2025-09-01,2025-09-06,5,ST086,Standard,300000,Check-in,OTA (Booking.com)
B0839,2025-05-11,2025-07-21,2025-07-25,4,SU002,Suite,1000000,Check-in,OTA (Agoda)
B0840,2025-06-28,2025-09-24,2025-09-27,3,ST078,Standard,300000,Check-in,OTA (Agoda)
B0841,2025-11-21,2025-12-14,2025-12-15,1,ST047,Standard,300000,Check-in,OTA (Booking.com)
B0842,2025-09-13,2025-09-28,2025-09-30,2,ST057,Standard,300000,Check-in,OTA (Booking.com)
B0843,2025-08-06,2025-10-31,2025-11-01,1,ST083,Standard,300000,Check-in,OTA (Agoda)
B0844,2025-09-27,2025-11-03,2025-11-04,1,SU001,Suite,1000000,Check-in,Direct Booking
B0845,2025-04-09,2025-04-28,2025-05-03,5,ST013,Standard,300000,Check-in,Direct Booking
B0846,2025-08-04,2025-08-25,2025-08-29,4,ST017,Standard,300000,Check-in,OTA (Agoda)
B0847,2025-06-02,2025-08-30,2025-09-03,4,SU008,Suite,1000000,Check-in,Direct Booking
B0848,2025-03-26,2025-05-23,2025-05-25,2,ST045,Standard,300000,Check-in,OTA (Agoda)
B0849,2025-09-18,2025-10-17,2025-10-18,1,SU015,Suite,1000000,Check-in,OTA (Agoda)
B0850,2025-05-28,2025-08-26,2025-08-29,3,ST075,Standard,300000,Check-in,Corporate
B0851,2025-09-11,2025-10-31,2025-11-05,5,ST084,Standard,300000,Check-in,OTA (Booking.com)
B0852,2025-08-05,2025-08-07,2025-08-08,1,SU016,Suite,1000000,Check-in,OTA (Agoda)
B0853,2025-05-29,2025-07-25,2025-07-28,3,ST011,Standard,300000,Check-in,OTA (Booking.com)
B0854,2025-04-25,2025-07-10,2025-07-13,3,ST019,Standard,300000,Cancel,Direct Booking
B0855,2025-04-16,2025-05-09,2025-05-11,2,SU019,Suite,1000000,Cancel,OTA (Agoda)
B0856,2025-09-25,2025-10-11,2025-10-13,2,SU014,Suite,1000000,Check-in,OTA (Booking.com)
B0857,2025-06-05,2025-06-22,2025-06-24,2,ST041,Standard,300000,Check-in,Direct Booking
B0858,2025-04-20,2025-06-19,2025-06-22,3,SU015,Suite,1000000,Check-in,OTA (Booking.com)
B0859,2025-08-26,2025-09-02,2025-09-05,3,DE042,Deluxe,500000,Check-in,OTA (Booking.com)
B0860,2025-08-31,2025-09-10,2025-09-13,3,ST026,Standard,300000,Check-in,Direct Booking
B0861,2025-12-06,2025-12-15,2025-12-18,3,SU014,Suite,1000000,Check-in,OTA (Booking.com)
B0862,2025-09-14,2025-09-26,2025-09-28,2,SU020,Suite,1000000,Check-in,OTA (Booking.com)
B0863,2025-08-20,2025-10-02,2025-10-06,4,DE120,Deluxe,500000,Check-in,OTA (Agoda)
B0864,2025-09-23,2025-11-30,2025-12-05,5,ST052,Standard,300000,Check-in,Corporate
B0865,2025-05-27,2025-05-29,2025-06-03,5,ST015,Standard,300000,Check-in,Direct Booking
B0866,2025-05-12,2025-08-03,2025-08-07,4,SU025,Suite,1000000,Check-in,OTA (Booking.com)
B0867,2025-09-30,2025-10-15,2025-10-16,1,DE031,Deluxe,500000,Check-in,Direct Booking
B0868,2025-08-03,2025-10-09,2025-10-14,5,ST085,Standard,300000,Check-in,OTA (Booking.com)
B0869,2025-08-24,2025-08-30,2025-09-04,5,ST064,Standard,300000,Check-in,OTA (Booking.com)
B0870,2025-06-12,2025-06-25,2025-06-30,5,ST084,Standard,300000,Check-in,OTA (Booking.com)
B0871,2025-06-22,2025-07-19,2025-07-22,3,ST060,Standard,300000,Check-in,Direct Booking
B0872,2025-09-01,2025-11-09,2025-11-12,3,ST063,Standard,300000,Check-in,Direct Booking
B0873,2025-03-22,2025-06-18,2025-06-20,2,SU017,Suite,1000000,Check-in,OTA (Booking.com)
B0874,2025-04-26,2025-05-08,2025-05-12,4,SU022,Suite,1000000,Check-in,Direct Booking
B0875,2025-07-16,2025-07-26,2025-07-31,5,DE040,Deluxe,500000,Check-in,OTA (Booking.com)
B0876,2025-09-17,2025-11-08,2025-11-13,5,DE029,Deluxe,500000,Check-in,OTA (Booking.com)
B0877,2025-01-25,2025-04-04,2025-04-09,5,ST063,Standard,300000,Check-in,Direct Booking
B0878,2025-02-08,2025-04-24,2025-04-26,2,ST080,Standard,300000,Check-in,OTA (Booking.com)
B0879,2025-03-21,2025-05-25,2025-05-26,1,DE110,Deluxe,500000,Check-in,OTA (Booking.com)
B0880,2025-08-11,2025-08-23,2025-08-28,5,DE092,Deluxe,500000,Check-in,OTA (Agoda)
B0881,2025-11-25,2025-11-29,2025-11-30,1,SU006,Suite,1000000,Check-in,Direct Booking
B0882,2025-07-10,2025-08-30,2025-09-02,3,ST056,Standard,300000,Check-in,OTA (Booking.com)
B0883,2025-07-18,2025-10-09,2025-10-12,3,SU015,Suite,1000000,Check-in,OTA (Booking.com)
B0884,2025-04-06,2025-04-22,2025-04-25,3,SU011,Suite,1000000,Check-in,OTA (Booking.com)
B0885,2025-03-04,2025-05-14,2025-05-19,5,DE046,Deluxe,500000,Check-in,OTA (Agoda)
B0886,2025-06-03,2025-07-18,2025-07-22,4,DE089,Deluxe,500000,Cancel,OTA (Agoda)
B0887,2025-06-03,2025-06-22,2025-06-24,2,SU005,Suite,1000000,Check-in,OTA (Agoda)
B0888,2025-05-04,2025-05-29,2025-06-01,3,SU012,Suite,1000000,Check-in,OTA (Booking.com)
B0889,2025-11-16,2025-11-23,2025-11-25,2,ST082,Standard,300000,Check-in,Direct Booking
B0890,2025-07-29,2025-08-07,2025-08-09,2,SU003,Suite,1000000,Check-in,OTA (Booking.com)
B0891,2025-08-18,2025-09-30,2025-10-02,2,SU021,Suite,1000000,Check-in,Direct Booking
B0892,2025-03-30,2025-05-06,2025-05-11,5,SU001,Suite,1000000,Check-in,OTA (Booking.com)
B0893,2025-06-17,2025-09-04,2025-09-09,5,ST038,Standard,300000,Check-in,OTA (Booking.com)
B0894,2025-07-24,2025-09-09,2025-09-12,3,DE112,Deluxe,500000,Check-in,OTA (Booking.com)
B0895,2025-10-12,2025-11-10,2025-11-11,1,DE013,Deluxe,500000,Check-in,Direct Booking
B0896,2025-10-20,2025-12-02,2025-12-03,1,DE066,Deluxe,500000,Check-in,OTA (Agoda)
B0897,2025-03-24,2025-05-26,2025-05-30,4,SU009,Suite,1000000,Check-in,Direct Booking
B0898,2025-05-06,2025-06-11,2025-06-13,2,ST003,Standard,300000,Check-in,OTA (Agoda)
B0899,2025-02-18,2025-05-10,2025-05-13,3,ST017,Standard,300000,Check-in,Direct Booking
B0900,2025-02-10,2025-04-16,2025-04-18,2,ST059,Standard,300000,Check-in,OTA (Agoda)
B0901,2025-03-22,2025-04-19,2025-04-20,1,ST006,Standard,300000,Check-in,OTA (Agoda)
B0902,2025-09-19,2025-11-28,2025-12-02,4,ST037,Standard,300000,Check-in,OTA (Booking.com)
B0903,2025-07-29,2025-08-27,2025-08-31,4,SU017,Suite,1000000,Check-in,OTA (Booking.com)
B0904,2025-08-14,2025-10-04,2025-10-07,3,ST078,Standard,300000,Check-in,Direct Booking
B0905,2025-04-06,2025-06-24,2025-06-26,2,ST067,Standard,300000,Check-in,Direct Booking
B0906,2025-04-02,2025-06-14,2025-06-15,1,ST050,Standard,300000,Check-in,Corporate
B0907,2025-07-16,2025-07-22,2025-07-25,3,DE120,Deluxe,500000,Check-in,Direct Booking
B0908,2025-03-23,2025-04-22,2025-04-26,4,ST040,Standard,300000,Check-in,Corporate
B0909,2025-08-30,2025-10-16,2025-10-20,4,DE086,Deluxe,500000,Cancel,OTA (Agoda)
B0910,2025-09-07,2025-09-13,2025-09-15,2,SU030,Suite,1000000,Check-in,OTA (Booking.com)
B0911,2025-07-08,2025-08-13,2025-08-16,3,ST044,Standard,300000,Check-in,Direct Booking
B0912,2025-07-19,2025-10-11,2025-10-14,3,DE060,Deluxe,500000,Check-in,OTA (Agoda)
B0913,2025-12-11,2025-12-21,2025-12-24,3,DE021,Deluxe,500000,Check-in,Corporate
B0914,2025-08-19,2025-10-25,2025-10-28,3,DE005,Deluxe,500000,Check-in,OTA (Booking.com)
B0915,2025-02-01,2025-04-04,2025-04-08,4,ST045,Standard,300000,Check-in,OTA (Booking.com)
B0916,2025-04-10,2025-05-10,2025-05-11,1,ST070,Standard,300000,Check-in,Direct Booking
B0917,2025-05-27,2025-06-20,2025-06-22,2,DE026,Deluxe,500000,Check-in,OTA (Agoda)
B0918,2025-05-03,2025-07-27,2025-07-29,2,DE040,Deluxe,500000,Check-in,OTA (Agoda)
B0919,2025-10-01,2025-12-02,2025-12-04,2,DE041,Deluxe,500000,Check-in,Direct Booking
B0920,2025-02-18,2025-04-12,2025-04-16,4,SU015,Suite,1000000,Check-in,OTA (Booking.com)
B0921,2025-05-18,2025-06-08,2025-06-10,2,ST050,Standard,300000,Check-in,OTA (Agoda)
B0922,2025-04-10,2025-04-29,2025-05-01,2,SU024,Suite,1000000,Check-in,Direct Booking
B0923,2025-02-17,2025-04-10,2025-04-13,3,ST056,Standard,300000,Check-in,OTA (Agoda)
B0924,2025-07-09,2025-07-20,2025-07-21,1,DE008,Deluxe,500000,Check-in,OTA (Booking.com)
B0925,2025-04-26,2025-06-27,2025-07-01,4,SU024,Suite,1000000,Check-in,OTA (Booking.com)
B0926,2025-04-19,2025-07-03,2025-07-08,5,ST028,Standard,300000,Check-in,Direct Booking
B0927,2025-06-27,2025-09-23,2025-09-25,2,DE109,Deluxe,500000,Check-in,Direct Booking
B0928,2025-08-27,2025-10-15,2025-10-17,2,SU013,Suite,1000000,Check-in,Direct Booking
B0929,2025-08-28,2025-11-01,2025-11-06,5,SU011,Suite,1000000,Check-in,Direct Booking
B0930,2025-01-31,2025-04-20,2025-04-21,1,ST084,Standard,300000,Check-in,Direct Booking
B0931,2025-04-05,2025-06-06,2025-06-11,5,ST046,Standard,300000,Check-in,Direct Booking
B0932,2025-08-12,2025-11-07,2025-11-10,3,ST015,Standard,300000,Check-in,OTA (Agoda)
B0933,2025-09-29,2025-12-28,2025-12-31,3,DE018,Deluxe,500000,Check-in,OTA (Agoda)
B0934,2025-08-09,2025-09-27,2025-10-02,5,ST023,Standard,300000,Check-in,Corporate
B0935,2025-02-20,2025-05-21,2025-05-22,1,DE070,Deluxe,500000,Check-in,OTA (Booking.com)
B0936,2025-04-13,2025-05-13,2025-05-16,3,DE001,Deluxe,500000,Check-in,OTA (Booking.com)
B0937,2025-06-03,2025-07-06,2025-07-08,2,SU028,Suite,1000000,Check-in,OTA (Agoda)
B0938,2025-10-11,2025-12-24,2025-12-27,3,SU023,Suite,1000000,Check-in,OTA (Booking.com)
B0939,2025-08-13,2025-09-09,2025-09-11,2,DE043,Deluxe,500000,Check-in,Direct Booking
B0940,2025-05-16,2025-08-08,2025-08-11,3,DE019,Deluxe,500000,Check-in,OTA (Booking.com)
B0941,2025-07-04,2025-08-20,2025-08-25,5,ST089,Standard,300000,Check-in,Direct Booking
B0942,2025-09-24,2025-12-04,2025-12-09,5,SU013,Suite,1000000,Check-in,OTA (Booking.com)
B0943,2025-08-03,2025-09-05,2025-09-08,3,ST003,Standard,300000,Check-in,OTA (Agoda)
B0944,2025-05-13,2025-05-31,2025-06-01,1,ST029,Standard,300000,Check-in,OTA (Agoda)
B0945,2025-05-01,2025-05-22,2025-05-27,5,SU025,Suite,1000000,Check-in,OTA (Agoda)
B0946,2025-02-15,2025-04-27,2025-05-01,4,SU029,Suite,1000000,Check-in,OTA (Booking.com)
B0947,2025-06-02,2025-06-14,2025-06-19,5,DE094,Deluxe,500000,Cancel,OTA (Booking.com)
B0948,2025-08-04,2025-08-13,2025-08-17,4,SU007,Suite,1000000,Check-in,OTA (Booking.com)
B0949,2025-09-03,2025-10-23,2025-10-28,5,ST032,Standard,300000,Check-in,Direct Booking
B0950,2025-02-12,2025-04-30,2025-05-01,1,SU020,Suite,1000000,Check-in,OTA (Booking.com)
B0951,2025-11-26,2025-12-22,2025-12-25,3,DE119,Deluxe,500000,Check-in,OTA (Agoda)
B0952,2025-10-16,2025-12-21,2025-12-22,1,ST081,Standard,300000,Check-in,Direct Booking
B0953,2025-09-27,2025-10-02,2025-10-06,4,SU018,Suite,1000000,Check-in,Corporate
B0954,2025-08-08,2025-08-20,2025-08-25,5,DE038,Deluxe,500000,Check-in,OTA (Booking.com)
B0955,2025-04-27,2025-07-12,2025-07-17,5,ST037,Standard,300000,Check-in,OTA (Agoda)
B0956,2025-08-12,2025-08-24,2025-08-29,5,ST074,Standard,300000,Check-in,Corporate
B0957,2025-08-11,2025-09-25,2025-09-27,2,DE029,Deluxe,500000,Check-in,Corporate
B0958,2025-08-26,2025-10-24,2025-10-28,4,ST042,Standard,300000,Check-in,Direct Booking
B0959,2025-03-21,2025-05-25,2025-05-30,5,ST074,Standard,300000,Check-in,Direct Booking
B0960,2025-12-04,2025-12-19,2025-12-23,4,DE019,Deluxe,500000,Check-in,OTA (Agoda)
B0961,2025-05-25,2025-08-07,2025-08-09,2,ST043,Standard,300000,Check-in,OTA (Booking.com)
B0962,2025-06-02,2025-08-03,2025-08-04,1,DE021,Deluxe,500000,Cancel,OTA (Booking.com)
B0963,2025-02-15,2025-04-15,2025-04-20,5,DE021,Deluxe,500000,Check-in,Direct Booking
B0964,2025-05-01,2025-07-22,2025-07-26,4,ST057,Standard,300000,Check-in,OTA (Agoda)
B0965,2025-08-06,2025-09-28,2025-09-29,1,ST043,Standard,300000,Check-in,OTA (Agoda)
B0966,2025-07-03,2025-08-06,2025-08-09,3,DE039,Deluxe,500000,Check-in,OTA (Booking.com)
B0967,2025-03-26,2025-05-09,2025-05-12,3,ST075,Standard,300000,Cancel,OTA (Booking.com)
B0968,2025-06-05,2025-07-21,2025-07-24,3,ST035,Standard,300000,Check-in,Corporate
B0969,2025-04-10,2025-07-07,2025-07-12,5,DE099,Deluxe,500000,Check-in,Direct Booking
B0970,2025-07-14,2025-08-14,2025-08-15,1,SU007,Suite,1000000,Check-in,OTA (Agoda)
B0971,2025-07-12,2025-09-30,2025-10-05,5,SU018,Suite,1000000,Check-in,Direct Booking
B0972,2025-11-28,2025-12-09,2025-12-13,4,ST018,Standard,300000,Check-in,OTA (Agoda)
B0973,2025-11-27,2025-12-03,2025-12-04,1,DE008,Deluxe,500000,Check-in,OTA (Booking.com)
B0974,2025-06-06,2025-08-19,2025-08-22,3,DE017,Deluxe,500000,Check-in,OTA (Agoda)
B0975,2025-06-17,2025-08-22,2025-08-25,3,DE116,Deluxe,500000,Check-in,OTA (Booking.com)
B0976,2025-12-19,2025-12-26,2025-12-30,4,DE045,Deluxe,500000,Check-in,OTA (Booking.com)
B0977,2025-07-22,2025-09-25,2025-09-26,1,DE113,Deluxe,500000,Check-in,OTA (Agoda)
B0978,2025-04-03,2025-06-01,2025-06-04,3,ST074,Standard,300000,Check-in,OTA (Booking.com)
B0979,2025-04-05,2025-04-07,2025-04-09,2,ST066,Standard,300000,Check-in,OTA (Booking.com)
B0980,2025-08-22,2025-10-03,2025-10-04,1,ST040,Standard,300000,Check-in,Direct Booking
B0981,2025-06-27,2025-07-31,2025-08-02,2,DE037,Deluxe,500000,Check-in,OTA (Booking.com)
B0982,2025-05-18,2025-07-04,2025-07-08,4,DE116,Deluxe,500000,Check-in,OTA (Booking.com)
B0983,2025-08-17,2025-10-04,2025-10-06,2,DE087,Deluxe,500000,Check-in,Direct Booking
B0984,2025-07-10,2025-07-27,2025-07-29,2,SU009,Suite,1000000,Check-in,OTA (Agoda)
B0985,2025-08-28,2025-11-08,2025-11-09,1,DE001,Deluxe,500000,Check-in,OTA (Agoda)
B0986,2025-11-09,2025-11-29,2025-12-04,5,SU013,Suite,1000000,Check-in,OTA (Booking.com)
B0987,2025-10-01,2025-12-21,2025-12-22,1,ST085,Standard,300000,Check-in,OTA (Agoda)
B0988,2025-06-29,2025-08-07,2025-08-11,4,ST044,Standard,300000,Check-in,Direct Booking
B0989,2025-06-10,2025-06-23,2025-06-28,5,SU009,Suite,1000000,Check-in,Direct Booking
B0990,2025-02-28,2025-05-20,2025-05-25,5,DE074,Deluxe,500000,Check-in,Direct Booking
B0991,2025-06-24,2025-08-10,2025-08-15,5,DE076,Deluxe,500000,Check-in,Direct Booking
B0992,2025-04-15,2025-07-11,2025-07-14,3,ST059,Standard,300000,Check-in,OTA (Booking.com)
B0993,2025-08-01,2025-08-24,2025-08-27,3,DE075,Deluxe,500000,Check-in,OTA (Booking.com)
B0994,2025-03-14,2025-05-11,2025-05-12,1,DE036,Deluxe,500000,Check-in,OTA (Booking.com)
B0995,2025-06-06,2025-06-25,2025-06-27,2,ST075,Standard,300000,Check-in,OTA (Booking.com)
B0996,2025-08-05,2025-10-25,2025-10-27,2,SU002,Suite,1000000,Check-in,OTA (Booking.com)
B0997,2025-07-31,2025-09-10,2025-09-12,2,ST068,Standard,300000,Check-in,Direct Booking
B0998,2025-07-29,2025-10-20,2025-10-22,2,DE018,Deluxe,500000,Check-in,OTA (Agoda)
B0999,2025-11-06,2025-12-23,2025-12-27,4,DE067,Deluxe,500000,Check-in,Direct Booking
B1000,2025-06-01,2025-06-04,2025-06-07,3,ST033,Standard,300000,Check-in,Direct Booking
