Product_ID,Booking_ID,Product_Name,Quantity,Price_per_Unit,Total_Price
PROD-0001,B0822,Late Checkout,1,100000,100000
PROD-0002,B0308,Late Checkout,1,100000,100000
PROD-0003,B0669,Massage Service,1,350000,350000
PROD-0004,B0214,Laundry Service,3,75000,225000
PROD-0005,B0282,Mini Bar Refill,1,120000,120000
PROD-0006,B0198,Room Service,2,180000,360000
PROD-0007,B0786,Late Checkout,1,100000,100000
PROD-0008,B0565,Dinner Buffet,2,250000,500000
PROD-0009,B0952,Dinner Buffet,2,250000,500000
PROD-0010,B0757,Room Service,3,180000,540000
PROD-0011,B0855,Spa Package,1,300000,300000
PROD-0012,B0609,Late Checkout,1,100000,100000
PROD-0013,B0546,Spa Package,1,300000,300000
PROD-0014,B0878,Massage Service,1,350000,350000
PROD-0015,B0619,Dinner Buffet,1,250000,250000
PROD-0016,B0194,Late Checkout,1,100000,100000
PROD-0017,B0291,Airport Transfer,1,200000,200000
PROD-0018,B0199,Massage Service,1,350000,350000
PROD-0019,B0775,Massage Service,1,350000,350000
PROD-0020,B0306,Laundry Service,1,75000,75000
PROD-0021,B0266,Room Service,3,180000,540000
PROD-0022,B0416,Laundry Service,3,75000,225000
PROD-0023,B0603,Late Checkout,1,100000,100000
PROD-0024,B0703,Massage Service,1,350000,350000
PROD-0025,B0496,Massage Service,1,350000,350000
PROD-0026,B0738,Late Checkout,1,100000,100000
PROD-0027,B0443,Late Checkout,1,100000,100000
PROD-0028,B0414,Airport Transfer,2,200000,400000
PROD-0029,B0239,Tour Package,1,500000,500000
PROD-0030,B0931,Airport Transfer,2,200000,400000
PROD-0031,B0659,Airport Transfer,2,200000,400000
PROD-0032,B0313,Massage Service,1,350000,350000
PROD-0033,B0642,Airport Transfer,2,200000,400000
PROD-0034,B0047,Tour Package,1,500000,500000
PROD-0035,B0523,Tour Package,1,500000,500000
PROD-0036,B0375,Massage Service,1,350000,350000
PROD-0037,B0239,Tour Package,1,500000,500000
PROD-0038,B0850,Late Checkout,1,100000,100000
PROD-0039,B0448,Late Checkout,1,100000,100000
PROD-0040,B0680,Massage Service,1,350000,350000
PROD-0041,B0088,Mini Bar Refill,1,120000,120000
PROD-0042,B0389,Dinner Buffet,2,250000,500000
PROD-0043,B0850,Spa Package,1,300000,300000
PROD-0044,B0291,Massage Service,1,350000,350000
PROD-0045,B0833,Breakfast Buffet,2,150000,300000
PROD-0046,B0424,Late Checkout,1,100000,100000
PROD-0047,B0514,Spa Package,1,300000,300000
PROD-0048,B0922,Tour Package,1,500000,500000
PROD-0049,B0995,Massage Service,1,350000,350000
PROD-0050,B0749,Breakfast Buffet,1,150000,150000
PROD-0051,B0163,Laundry Service,2,75000,150000
PROD-0052,B0403,Spa Package,1,300000,300000
PROD-0053,B0564,Laundry Service,3,75000,225000
PROD-0054,B0050,Laundry Service,3,75000,225000
PROD-0055,B0469,Mini Bar Refill,1,120000,120000
PROD-0056,B0943,Late Checkout,1,100000,100000
PROD-0057,B0666,Dinner Buffet,2,250000,500000
PROD-0058,B0356,Breakfast Buffet,2,150000,300000
PROD-0059,B0523,Dinner Buffet,2,250000,500000
PROD-0060,B0418,Spa Package,1,300000,300000
PROD-0061,B0688,Tour Package,1,500000,500000
PROD-0062,B0422,Dinner Buffet,2,250000,500000
PROD-0063,B0165,Massage Service,1,350000,350000
PROD-0064,B0616,Dinner Buffet,2,250000,500000
PROD-0065,B0927,Laundry Service,3,75000,225000
PROD-0066,B0867,Tour Package,1,500000,500000
PROD-0067,B0835,Spa Package,1,300000,300000
PROD-0068,B0696,Spa Package,1,300000,300000
PROD-0069,B0272,Tour Package,1,500000,500000
PROD-0070,B0067,Room Service,2,180000,360000
PROD-0071,B0384,Room Service,3,180000,540000
PROD-0072,B0837,Late Checkout,1,100000,100000
PROD-0073,B0781,Airport Transfer,1,200000,200000
PROD-0074,B0062,Tour Package,1,500000,500000
PROD-0075,B0851,Room Service,1,180000,180000
PROD-0076,B0871,Massage Service,1,350000,350000
PROD-0077,B0723,Late Checkout,1,100000,100000
PROD-0078,B0913,Dinner Buffet,2,250000,500000
PROD-0079,B0819,Spa Package,1,300000,300000
PROD-0080,B0667,Late Checkout,1,100000,100000
PROD-0081,B0597,Spa Package,1,300000,300000
PROD-0082,B0416,Breakfast Buffet,1,150000,150000
PROD-0083,B0673,Massage Service,1,350000,350000
PROD-0084,B0770,Airport Transfer,1,200000,200000
PROD-0085,B0035,Massage Service,1,350000,350000
PROD-0086,B0511,Airport Transfer,2,200000,400000
PROD-0087,B0797,Spa Package,1,300000,300000
PROD-0088,B0891,Dinner Buffet,1,250000,250000
PROD-0089,B0883,Massage Service,1,350000,350000
PROD-0090,B0774,Breakfast Buffet,2,150000,300000
PROD-0091,B0613,Tour Package,1,500000,500000
PROD-0092,B0706,Airport Transfer,1,200000,200000
PROD-0093,B0510,Breakfast Buffet,1,150000,150000
PROD-0094,B0815,Room Service,2,180000,360000
PROD-0095,B0786,Massage Service,1,350000,350000
PROD-0096,B0286,Breakfast Buffet,2,150000,300000
PROD-0097,B0755,Room Service,2,180000,360000
PROD-0098,B0648,Airport Transfer,1,200000,200000
PROD-0099,B0361,Room Service,3,180000,540000
PROD-0100,B0989,Mini Bar Refill,1,120000,120000
PROD-0101,B0396,Massage Service,1,350000,350000
PROD-0102,B0107,Tour Package,1,500000,500000
PROD-0103,B0234,Mini Bar Refill,1,120000,120000
PROD-0104,B0193,Airport Transfer,1,200000,200000
PROD-0105,B0380,Tour Package,1,500000,500000
PROD-0106,B0030,Mini Bar Refill,1,120000,120000
PROD-0107,B0250,Tour Package,1,500000,500000
PROD-0108,B0809,Spa Package,1,300000,300000
PROD-0109,B0577,Room Service,1,180000,180000
PROD-0110,B0987,Late Checkout,1,100000,100000
PROD-0111,B0201,Massage Service,1,350000,350000
PROD-0112,B0983,Breakfast Buffet,2,150000,300000
PROD-0113,B0123,Spa Package,1,300000,300000
PROD-0114,B0316,Massage Service,1,350000,350000
PROD-0115,B0151,Massage Service,1,350000,350000
PROD-0116,B0302,Laundry Service,2,75000,150000
PROD-0117,B0817,Airport Transfer,2,200000,400000
PROD-0118,B0379,Laundry Service,1,75000,75000
PROD-0119,B0803,Breakfast Buffet,2,150000,300000
PROD-0120,B0536,Laundry Service,1,75000,75000
PROD-0121,B0494,Breakfast Buffet,2,150000,300000
PROD-0122,B0406,Breakfast Buffet,2,150000,300000
PROD-0123,B0401,Airport Transfer,2,200000,400000
PROD-0124,B0038,Tour Package,1,500000,500000
PROD-0125,B0100,Airport Transfer,1,200000,200000
PROD-0126,B0501,Breakfast Buffet,2,150000,300000
PROD-0127,B0695,Late Checkout,1,100000,100000
PROD-0128,B0765,Dinner Buffet,1,250000,250000
PROD-0129,B0398,Airport Transfer,2,200000,400000
PROD-0130,B0988,Airport Transfer,1,200000,200000
PROD-0131,B0589,Spa Package,1,300000,300000
PROD-0132,B0630,Spa Package,1,300000,300000
PROD-0133,B0686,Mini Bar Refill,1,120000,120000
PROD-0134,B0054,Spa Package,1,300000,300000
PROD-0135,B0588,Mini Bar Refill,1,120000,120000
PROD-0136,B0569,Laundry Service,2,75000,150000
PROD-0137,B0756,Massage Service,1,350000,350000
PROD-0138,B0898,Tour Package,1,500000,500000
PROD-0139,B0285,Mini Bar Refill,1,120000,120000
PROD-0140,B0406,Massage Service,1,350000,350000
PROD-0141,B0275,Tour Package,1,500000,500000
PROD-0142,B0319,Late Checkout,1,100000,100000
PROD-0143,B0673,Spa Package,1,300000,300000
PROD-0144,B0573,Airport Transfer,2,200000,400000
PROD-0145,B0969,Tour Package,1,500000,500000
PROD-0146,B0669,Tour Package,1,500000,500000
PROD-0147,B0331,Late Checkout,1,100000,100000
PROD-0148,B0375,Mini Bar Refill,1,120000,120000
PROD-0149,B0628,Mini Bar Refill,1,120000,120000
PROD-0150,B0088,Massage Service,1,350000,350000
PROD-0151,B0020,Tour Package,1,500000,500000
PROD-0152,B0059,Mini Bar Refill,1,120000,120000
PROD-0153,B0648,Airport Transfer,1,200000,200000
PROD-0154,B0124,Breakfast Buffet,2,150000,300000
PROD-0155,B0350,Laundry Service,1,75000,75000
PROD-0156,B0632,Laundry Service,1,75000,75000
PROD-0157,B0415,Airport Transfer,2,200000,400000
PROD-0158,B0716,Spa Package,1,300000,300000
PROD-0159,B0490,Laundry Service,2,75000,150000
PROD-0160,B0414,Tour Package,1,500000,500000
PROD-0161,B0554,Spa Package,1,300000,300000
PROD-0162,B0609,Breakfast Buffet,2,150000,300000
PROD-0163,B0295,Airport Transfer,1,200000,200000
PROD-0164,B0526,Spa Package,1,300000,300000
PROD-0165,B0617,Tour Package,1,500000,500000
PROD-0166,B0395,Room Service,1,180000,180000
PROD-0167,B0239,Massage Service,1,350000,350000
PROD-0168,B0285,Mini Bar Refill,1,120000,120000
PROD-0169,B0050,Laundry Service,1,75000,75000
PROD-0170,B0517,Laundry Service,2,75000,150000
PROD-0171,B0359,Dinner Buffet,1,250000,250000
PROD-0172,B0368,Airport Transfer,1,200000,200000
PROD-0173,B0329,Late Checkout,1,100000,100000
PROD-0174,B0679,Tour Package,1,500000,500000
PROD-0175,B0026,Breakfast Buffet,1,150000,150000
PROD-0176,B0039,Airport Transfer,1,200000,200000
PROD-0177,B0428,Late Checkout,1,100000,100000
PROD-0178,B0979,Tour Package,1,500000,500000
PROD-0179,B0794,Massage Service,1,350000,350000
PROD-0180,B0021,Dinner Buffet,2,250000,500000
PROD-0181,B0928,Room Service,2,180000,360000
PROD-0182,B0823,Tour Package,1,500000,500000
PROD-0183,B0087,Tour Package,1,500000,500000
PROD-0184,B0894,Spa Package,1,300000,300000
PROD-0185,B0266,Spa Package,1,300000,300000
PROD-0186,B0278,Late Checkout,1,100000,100000
PROD-0187,B0277,Laundry Service,3,75000,225000
PROD-0188,B0467,Breakfast Buffet,2,150000,300000
PROD-0189,B0779,Dinner Buffet,1,250000,250000
PROD-0190,B0888,Dinner Buffet,2,250000,500000
PROD-0191,B0601,Airport Transfer,2,200000,400000
PROD-0192,B0898,Airport Transfer,1,200000,200000
PROD-0193,B0536,Tour Package,1,500000,500000
PROD-0194,B0839,Spa Package,1,300000,300000
PROD-0195,B0167,Late Checkout,1,100000,100000
PROD-0196,B0747,Late Checkout,1,100000,100000
PROD-0197,B0480,Tour Package,1,500000,500000
PROD-0198,B0261,Airport Transfer,2,200000,400000
PROD-0199,B0185,Massage Service,1,350000,350000
PROD-0200,B0174,Tour Package,1,500000,500000
PROD-0201,B0745,Mini Bar Refill,1,120000,120000
PROD-0202,B0622,Spa Package,1,300000,300000
PROD-0203,B0628,Mini Bar Refill,1,120000,120000
PROD-0204,B0703,Spa Package,1,300000,300000
PROD-0205,B0108,Breakfast Buffet,2,150000,300000
PROD-0206,B0685,Late Checkout,1,100000,100000
PROD-0207,B0515,Breakfast Buffet,1,150000,150000
PROD-0208,B0897,Spa Package,1,300000,300000
PROD-0209,B0056,Spa Package,1,300000,300000
PROD-0210,B0740,Room Service,3,180000,540000
PROD-0211,B0177,Tour Package,1,500000,500000
PROD-0212,B0951,Spa Package,1,300000,300000
PROD-0213,B0667,Dinner Buffet,1,250000,250000
PROD-0214,B0614,Breakfast Buffet,1,150000,150000
PROD-0215,B0231,Dinner Buffet,1,250000,250000
PROD-0216,B0689,Airport Transfer,1,200000,200000
PROD-0217,B0392,Mini Bar Refill,1,120000,120000
PROD-0218,B0810,Airport Transfer,1,200000,200000
PROD-0219,B0569,Room Service,1,180000,180000
PROD-0220,B0522,Breakfast Buffet,1,150000,150000
PROD-0221,B0888,Mini Bar Refill,1,120000,120000
PROD-0222,B0327,Massage Service,1,350000,350000
PROD-0223,B0918,Spa Package,1,300000,300000
PROD-0224,B0645,Mini Bar Refill,1,120000,120000
PROD-0225,B0159,Massage Service,1,350000,350000
PROD-0226,B0972,Airport Transfer,2,200000,400000
PROD-0227,B0361,Dinner Buffet,2,250000,500000
PROD-0228,B0019,Dinner Buffet,2,250000,500000
PROD-0229,B0451,Massage Service,1,350000,350000
PROD-0230,B0400,Breakfast Buffet,1,150000,150000
PROD-0231,B0640,Breakfast Buffet,1,150000,150000
PROD-0232,B0494,Room Service,1,180000,180000
PROD-0233,B0690,Mini Bar Refill,1,120000,120000
PROD-0234,B0634,Massage Service,1,350000,350000
PROD-0235,B0233,Breakfast Buffet,1,150000,150000
PROD-0236,B0714,Room Service,1,180000,180000
PROD-0237,B0421,Spa Package,1,300000,300000
PROD-0238,B0473,Mini Bar Refill,1,120000,120000
PROD-0239,B0863,Mini Bar Refill,1,120000,120000
PROD-0240,B0044,Breakfast Buffet,1,150000,150000
PROD-0241,B0175,Breakfast Buffet,2,150000,300000
PROD-0242,B0436,Airport Transfer,1,200000,200000
PROD-0243,B0755,Massage Service,1,350000,350000
PROD-0244,B0095,Massage Service,1,350000,350000
PROD-0245,B0189,Dinner Buffet,1,250000,250000
PROD-0246,B0774,Mini Bar Refill,1,120000,120000
PROD-0247,B0328,Dinner Buffet,1,250000,250000
PROD-0248,B0387,Mini Bar Refill,1,120000,120000
PROD-0249,B0510,Tour Package,1,500000,500000
PROD-0250,B0382,Late Checkout,1,100000,100000
PROD-0251,B0411,Tour Package,1,500000,500000
PROD-0252,B0592,Tour Package,1,500000,500000
PROD-0253,B0531,Airport Transfer,2,200000,400000
PROD-0254,B0188,Airport Transfer,1,200000,200000
PROD-0255,B0298,Mini Bar Refill,1,120000,120000
PROD-0256,B0854,Tour Package,1,500000,500000
PROD-0257,B0303,Dinner Buffet,2,250000,500000
PROD-0258,B0714,Dinner Buffet,2,250000,500000
PROD-0259,B0243,Dinner Buffet,2,250000,500000
PROD-0260,B0065,Breakfast Buffet,1,150000,150000
PROD-0261,B0262,Massage Service,1,350000,350000
PROD-0262,B0893,Airport Transfer,1,200000,200000
PROD-0263,B0097,Laundry Service,1,75000,75000
PROD-0264,B0668,Room Service,3,180000,540000
PROD-0265,B0492,Tour Package,1,500000,500000
PROD-0266,B0054,Breakfast Buffet,2,150000,300000
PROD-0267,B0982,Late Checkout,1,100000,100000
PROD-0268,B0533,Laundry Service,1,75000,75000
PROD-0269,B0646,Tour Package,1,500000,500000
PROD-0270,B0258,Dinner Buffet,2,250000,500000
PROD-0271,B0766,Airport Transfer,2,200000,400000
PROD-0272,B0364,Breakfast Buffet,1,150000,150000
PROD-0273,B0896,Tour Package,1,500000,500000
PROD-0274,B0380,Breakfast Buffet,2,150000,300000
PROD-0275,B0247,Room Service,2,180000,360000
PROD-0276,B0417,Laundry Service,3,75000,225000
PROD-0277,B0184,Tour Package,1,500000,500000
PROD-0278,B0202,Late Checkout,1,100000,100000
PROD-0279,B0011,Room Service,1,180000,180000
PROD-0280,B0708,Laundry Service,2,75000,150000
PROD-0281,B0909,Tour Package,1,500000,500000
PROD-0282,B0257,Laundry Service,3,75000,225000
PROD-0283,B0265,Massage Service,1,350000,350000
PROD-0284,B0293,Dinner Buffet,2,250000,500000
PROD-0285,B0397,Mini Bar Refill,1,120000,120000
PROD-0286,B0400,Breakfast Buffet,2,150000,300000
PROD-0287,B0318,Massage Service,1,350000,350000
PROD-0288,B0565,Mini Bar Refill,1,120000,120000
PROD-0289,B0116,Massage Service,1,350000,350000
PROD-0290,B0238,Spa Package,1,300000,300000
PROD-0291,B0576,Late Checkout,1,100000,100000
PROD-0292,B0634,Mini Bar Refill,1,120000,120000
PROD-0293,B0252,Airport Transfer,2,200000,400000
PROD-0294,B0840,Airport Transfer,2,200000,400000
PROD-0295,B0319,Airport Transfer,1,200000,200000
PROD-0296,B0510,Laundry Service,2,75000,150000
PROD-0297,B0197,Breakfast Buffet,2,150000,300000
PROD-0298,B0278,Late Checkout,1,100000,100000
PROD-0299,B0509,Breakfast Buffet,1,150000,150000
PROD-0300,B0175,Massage Service,1,350000,350000
PROD-0301,B0352,Late Checkout,1,100000,100000
PROD-0302,B0020,Massage Service,1,350000,350000
PROD-0303,B0079,Room Service,3,180000,540000
PROD-0304,B0928,Breakfast Buffet,1,150000,150000
PROD-0305,B0075,Breakfast Buffet,2,150000,300000
PROD-0306,B0739,Spa Package,1,300000,300000
PROD-0307,B0102,Massage Service,1,350000,350000
PROD-0308,B0876,Late Checkout,1,100000,100000
PROD-0309,B0934,Room Service,3,180000,540000
PROD-0310,B0328,Tour Package,1,500000,500000
PROD-0311,B0832,Late Checkout,1,100000,100000
PROD-0312,B0430,Mini Bar Refill,1,120000,120000
PROD-0313,B0201,Late Checkout,1,100000,100000
PROD-0314,B0749,Breakfast Buffet,2,150000,300000
PROD-0315,B0065,Laundry Service,3,75000,225000
PROD-0316,B0404,Mini Bar Refill,1,120000,120000
PROD-0317,B0373,Room Service,2,180000,360000
PROD-0318,B0523,Airport Transfer,1,200000,200000
PROD-0319,B0484,Breakfast Buffet,1,150000,150000
PROD-0320,B0815,Mini Bar Refill,1,120000,120000
PROD-0321,B0228,Airport Transfer,2,200000,400000
PROD-0322,B0888,Massage Service,1,350000,350000
PROD-0323,B0822,Mini Bar Refill,1,120000,120000
PROD-0324,B0882,Late Checkout,1,100000,100000
PROD-0325,B0306,Tour Package,1,500000,500000
PROD-0326,B0192,Massage Service,1,350000,350000
PROD-0327,B0445,Room Service,1,180000,180000
PROD-0328,B0335,Massage Service,1,350000,350000
PROD-0329,B0834,Airport Transfer,1,200000,200000
PROD-0330,B0073,Spa Package,1,300000,300000
PROD-0331,B0988,Room Service,2,180000,360000
PROD-0332,B0627,Airport Transfer,1,200000,200000
PROD-0333,B0954,Breakfast Buffet,1,150000,150000
PROD-0334,B0576,Dinner Buffet,2,250000,500000
PROD-0335,B0882,Tour Package,1,500000,500000
PROD-0336,B0189,Airport Transfer,2,200000,400000
PROD-0337,B0069,Spa Package,1,300000,300000
PROD-0338,B0467,Laundry Service,2,75000,150000
PROD-0339,B0712,Massage Service,1,350000,350000
PROD-0340,B0906,Late Checkout,1,100000,100000
PROD-0341,B0215,Airport Transfer,2,200000,400000
PROD-0342,B0677,Spa Package,1,300000,300000
PROD-0343,B0081,Breakfast Buffet,1,150000,150000
PROD-0344,B0713,Massage Service,1,350000,350000
PROD-0345,B0452,Room Service,1,180000,180000
PROD-0346,B0468,Airport Transfer,1,200000,200000
PROD-0347,B0780,Airport Transfer,1,200000,200000
PROD-0348,B0225,Mini Bar Refill,1,120000,120000
PROD-0349,B0824,Laundry Service,3,75000,225000
PROD-0350,B0582,Massage Service,1,350000,350000
PROD-0351,B0744,Spa Package,1,300000,300000
PROD-0352,B0145,Tour Package,1,500000,500000
PROD-0353,B0525,Spa Package,1,300000,300000
PROD-0354,B0296,Dinner Buffet,1,250000,250000
PROD-0355,B0507,Airport Transfer,2,200000,400000
PROD-0356,B0831,Room Service,1,180000,180000
PROD-0357,B0156,Tour Package,1,500000,500000
PROD-0358,B0285,Dinner Buffet,1,250000,250000
PROD-0359,B0167,Tour Package,1,500000,500000
PROD-0360,B0498,Breakfast Buffet,1,150000,150000
PROD-0361,B0400,Airport Transfer,2,200000,400000
PROD-0362,B0148,Tour Package,1,500000,500000
PROD-0363,B0643,Room Service,1,180000,180000
PROD-0364,B0277,Breakfast Buffet,1,150000,150000
PROD-0365,B0967,Breakfast Buffet,1,150000,150000
PROD-0366,B0586,Breakfast Buffet,1,150000,150000
PROD-0367,B0082,Massage Service,1,350000,350000
PROD-0368,B0974,Spa Package,1,300000,300000
PROD-0369,B0637,Late Checkout,1,100000,100000
PROD-0370,B0724,Mini Bar Refill,1,120000,120000
PROD-0371,B0418,Tour Package,1,500000,500000
PROD-0372,B0579,Spa Package,1,300000,300000
PROD-0373,B0381,Late Checkout,1,100000,100000
PROD-0374,B0356,Dinner Buffet,1,250000,250000
PROD-0375,B0706,Dinner Buffet,2,250000,500000
PROD-0376,B0388,Mini Bar Refill,1,120000,120000
PROD-0377,B0986,Spa Package,1,300000,300000
PROD-0378,B0448,Tour Package,1,500000,500000
PROD-0379,B0833,Room Service,2,180000,360000
PROD-0380,B0049,Dinner Buffet,2,250000,500000
PROD-0381,B0329,Laundry Service,1,75000,75000
PROD-0382,B0240,Laundry Service,1,75000,75000
PROD-0383,B0833,Late Checkout,1,100000,100000
PROD-0384,B0967,Late Checkout,1,100000,100000
PROD-0385,B0027,Room Service,2,180000,360000
PROD-0386,B0367,Late Checkout,1,100000,100000
PROD-0387,B0882,Tour Package,1,500000,500000
PROD-0388,B0988,Laundry Service,1,75000,75000
PROD-0389,B0854,Laundry Service,1,75000,75000
PROD-0390,B0986,Laundry Service,3,75000,225000
PROD-0391,B0013,Room Service,2,180000,360000
PROD-0392,B0161,Tour Package,1,500000,500000
PROD-0393,B0546,Tour Package,1,500000,500000
PROD-0394,B0718,Dinner Buffet,2,250000,500000
PROD-0395,B0704,Spa Package,1,300000,300000
PROD-0396,B0752,Room Service,3,180000,540000
PROD-0397,B0608,Breakfast Buffet,2,150000,300000
PROD-0398,B0083,Breakfast Buffet,1,150000,150000
PROD-0399,B0159,Mini Bar Refill,1,120000,120000
PROD-0400,B0213,Breakfast Buffet,2,150000,300000
PROD-0401,B0042,Laundry Service,2,75000,150000
PROD-0402,B0061,Room Service,2,180000,360000
PROD-0403,B0591,Spa Package,1,300000,300000
PROD-0404,B0073,Breakfast Buffet,2,150000,300000
PROD-0405,B0048,Dinner Buffet,1,250000,250000
PROD-0406,B0029,Breakfast Buffet,2,150000,300000
PROD-0407,B0563,Dinner Buffet,2,250000,500000
PROD-0408,B0684,Dinner Buffet,1,250000,250000
PROD-0409,B0390,Mini Bar Refill,1,120000,120000
PROD-0410,B0975,Laundry Service,3,75000,225000
PROD-0411,B0129,Laundry Service,2,75000,150000
PROD-0412,B0002,Tour Package,1,500000,500000
PROD-0413,B0392,Late Checkout,1,100000,100000
PROD-0414,B0758,Laundry Service,2,75000,150000
PROD-0415,B0922,Massage Service,1,350000,350000
PROD-0416,B0751,Laundry Service,2,75000,150000
PROD-0417,B0567,Massage Service,1,350000,350000
PROD-0418,B0948,Mini Bar Refill,1,120000,120000
PROD-0419,B0532,Breakfast Buffet,2,150000,300000
PROD-0420,B0898,Tour Package,1,500000,500000
PROD-0421,B0637,Tour Package,1,500000,500000
PROD-0422,B0414,Airport Transfer,2,200000,400000
PROD-0423,B0147,Airport Transfer,2,200000,400000
PROD-0424,B0603,Room Service,3,180000,540000
PROD-0425,B0945,Massage Service,1,350000,350000
PROD-0426,B0894,Airport Transfer,1,200000,200000
PROD-0427,B0873,Airport Transfer,1,200000,200000
PROD-0428,B0817,Late Checkout,1,100000,100000
PROD-0429,B0226,Massage Service,1,350000,350000
PROD-0430,B0698,Airport Transfer,2,200000,400000
PROD-0431,B0605,Mini Bar Refill,1,120000,120000
PROD-0432,B0797,Room Service,1,180000,180000
PROD-0433,B0892,Breakfast Buffet,2,150000,300000
PROD-0434,B0506,Breakfast Buffet,2,150000,300000
PROD-0435,B0411,Breakfast Buffet,2,150000,300000
PROD-0436,B0214,Dinner Buffet,2,250000,500000
PROD-0437,B0876,Dinner Buffet,1,250000,250000
PROD-0438,B0076,Room Service,3,180000,540000
PROD-0439,B0266,Room Service,1,180000,180000
PROD-0440,B0279,Airport Transfer,2,200000,400000
PROD-0441,B0371,Tour Package,1,500000,500000
PROD-0442,B0048,Spa Package,1,300000,300000
PROD-0443,B0127,Airport Transfer,1,200000,200000
PROD-0444,B0091,Spa Package,1,300000,300000
PROD-0445,B0205,Room Service,2,180000,360000
PROD-0446,B0997,Mini Bar Refill,1,120000,120000
PROD-0447,B0022,Mini Bar Refill,1,120000,120000
PROD-0448,B0294,Tour Package,1,500000,500000
PROD-0449,B0464,Airport Transfer,2,200000,400000
PROD-0450,B0118,Late Checkout,1,100000,100000
PROD-0451,B0442,Spa Package,1,300000,300000
PROD-0452,B0011,Tour Package,1,500000,500000
PROD-0453,B0779,Mini Bar Refill,1,120000,120000
PROD-0454,B0654,Room Service,3,180000,540000
PROD-0455,B0188,Mini Bar Refill,1,120000,120000
PROD-0456,B0783,Spa Package,1,300000,300000
PROD-0457,B0363,Breakfast Buffet,1,150000,150000
PROD-0458,B0646,Laundry Service,2,75000,150000
PROD-0459,B0231,Late Checkout,1,100000,100000
PROD-0460,B0596,Room Service,2,180000,360000
PROD-0461,B0568,Tour Package,1,500000,500000
PROD-0462,B0370,Room Service,3,180000,540000
PROD-0463,B0294,Mini Bar Refill,1,120000,120000
PROD-0464,B0513,Tour Package,1,500000,500000
PROD-0465,B0185,Late Checkout,1,100000,100000
PROD-0466,B0037,Room Service,3,180000,540000
PROD-0467,B0749,Mini Bar Refill,1,120000,120000
PROD-0468,B0125,Laundry Service,2,75000,150000
PROD-0469,B0657,Mini Bar Refill,1,120000,120000
PROD-0470,B0997,Spa Package,1,300000,300000
PROD-0471,B0297,Massage Service,1,350000,350000
PROD-0472,B0830,Tour Package,1,500000,500000
PROD-0473,B0065,Airport Transfer,2,200000,400000
PROD-0474,B0363,Late Checkout,1,100000,100000
PROD-0475,B0439,Laundry Service,2,75000,150000
PROD-0476,B0705,Late Checkout,1,100000,100000
PROD-0477,B0468,Room Service,2,180000,360000
PROD-0478,B0025,Breakfast Buffet,1,150000,150000
PROD-0479,B0105,Dinner Buffet,1,250000,250000
PROD-0480,B0059,Airport Transfer,1,200000,200000
PROD-0481,B0244,Laundry Service,2,75000,150000
PROD-0482,B0857,Tour Package,1,500000,500000
PROD-0483,B0011,Tour Package,1,500000,500000
PROD-0484,B0119,Massage Service,1,350000,350000
PROD-0485,B0612,Room Service,3,180000,540000
PROD-0486,B0929,Late Checkout,1,100000,100000
PROD-0487,B0090,Room Service,1,180000,180000
PROD-0488,B0236,Breakfast Buffet,2,150000,300000
PROD-0489,B0564,Mini Bar Refill,1,120000,120000
PROD-0490,B0138,Airport Transfer,1,200000,200000
PROD-0491,B0712,Late Checkout,1,100000,100000
PROD-0492,B0606,Mini Bar Refill,1,120000,120000
PROD-0493,B0001,Massage Service,1,350000,350000
PROD-0494,B0374,Breakfast Buffet,1,150000,150000
PROD-0495,B0851,Massage Service,1,350000,350000
PROD-0496,B0319,Room Service,1,180000,180000
PROD-0497,B0419,Mini Bar Refill,1,120000,120000
PROD-0498,B0593,Airport Transfer,2,200000,400000
PROD-0499,B0901,Breakfast Buffet,1,150000,150000
PROD-0500,B0640,Room Service,2,180000,360000
PROD-0501,B0869,Dinner Buffet,2,250000,500000
PROD-0502,B0039,Massage Service,1,350000,350000
PROD-0503,B0272,Airport Transfer,2,200000,400000
PROD-0504,B0674,Airport Transfer,1,200000,200000
PROD-0505,B0363,Airport Transfer,1,200000,200000
PROD-0506,B0061,Dinner Buffet,2,250000,500000
PROD-0507,B0241,Massage Service,1,350000,350000
PROD-0508,B0468,Late Checkout,1,100000,100000
PROD-0509,B0726,Airport Transfer,2,200000,400000
PROD-0510,B0286,Spa Package,1,300000,300000
PROD-0511,B0104,Room Service,1,180000,180000
PROD-0512,B0814,Massage Service,1,350000,350000
PROD-0513,B0110,Breakfast Buffet,1,150000,150000
PROD-0514,B0509,Dinner Buffet,1,250000,250000
PROD-0515,B0268,Laundry Service,1,75000,75000
PROD-0516,B0319,Tour Package,1,500000,500000
PROD-0517,B0985,Room Service,1,180000,180000
PROD-0518,B0235,Late Checkout,1,100000,100000
PROD-0519,B0870,Tour Package,1,500000,500000
PROD-0520,B0098,Dinner Buffet,2,250000,500000
PROD-0521,B0788,Room Service,1,180000,180000
PROD-0522,B0003,Mini Bar Refill,1,120000,120000
PROD-0523,B0611,Mini Bar Refill,1,120000,120000
PROD-0524,B0263,Breakfast Buffet,1,150000,150000
PROD-0525,B0785,Spa Package,1,300000,300000
PROD-0526,B0453,Dinner Buffet,2,250000,500000
PROD-0527,B0874,Dinner Buffet,1,250000,250000
PROD-0528,B0827,Tour Package,1,500000,500000
PROD-0529,B0862,Airport Transfer,2,200000,400000
PROD-0530,B0132,Airport Transfer,2,200000,400000
PROD-0531,B0712,Tour Package,1,500000,500000
PROD-0532,B0883,Mini Bar Refill,1,120000,120000
PROD-0533,B0054,Tour Package,1,500000,500000
PROD-0534,B0051,Laundry Service,1,75000,75000
PROD-0535,B0837,Dinner Buffet,2,250000,500000
PROD-0536,B0022,Massage Service,1,350000,350000
PROD-0537,B0173,Airport Transfer,1,200000,200000
PROD-0538,B0741,Massage Service,1,350000,350000
PROD-0539,B0665,Airport Transfer,1,200000,200000
PROD-0540,B0642,Room Service,2,180000,360000
PROD-0541,B0789,Spa Package,1,300000,300000
PROD-0542,B0946,Dinner Buffet,2,250000,500000
PROD-0543,B0466,Mini Bar Refill,1,120000,120000
PROD-0544,B0625,Room Service,1,180000,180000
PROD-0545,B0165,Room Service,3,180000,540000
PROD-0546,B0379,Laundry Service,1,75000,75000
PROD-0547,B0357,Tour Package,1,500000,500000
PROD-0548,B0191,Massage Service,1,350000,350000
PROD-0549,B0449,Breakfast Buffet,2,150000,300000
PROD-0550,B0297,Massage Service,1,350000,350000
PROD-0551,B0450,Late Checkout,1,100000,100000
PROD-0552,B0726,Room Service,3,180000,540000
PROD-0553,B0137,Dinner Buffet,1,250000,250000
PROD-0554,B0117,Laundry Service,1,75000,75000
PROD-0555,B0049,Massage Service,1,350000,350000
PROD-0556,B0249,Dinner Buffet,1,250000,250000
PROD-0557,B0530,Tour Package,1,500000,500000
PROD-0558,B0811,Laundry Service,2,75000,150000
PROD-0559,B0511,Room Service,2,180000,360000
PROD-0560,B0195,Airport Transfer,1,200000,200000
PROD-0561,B0544,Spa Package,1,300000,300000
PROD-0562,B0146,Breakfast Buffet,2,150000,300000
PROD-0563,B0234,Spa Package,1,300000,300000
PROD-0564,B0262,Spa Package,1,300000,300000
PROD-0565,B0498,Room Service,1,180000,180000
PROD-0566,B0719,Airport Transfer,1,200000,200000
PROD-0567,B0190,Dinner Buffet,1,250000,250000
PROD-0568,B0630,Spa Package,1,300000,300000
PROD-0569,B0051,Dinner Buffet,1,250000,250000
PROD-0570,B0124,Airport Transfer,2,200000,400000
PROD-0571,B0526,Mini Bar Refill,1,120000,120000
PROD-0572,B0248,Spa Package,1,300000,300000
PROD-0573,B0664,Tour Package,1,500000,500000
PROD-0574,B0132,Massage Service,1,350000,350000
PROD-0575,B0122,Mini Bar Refill,1,120000,120000
PROD-0576,B0853,Room Service,2,180000,360000
PROD-0577,B0847,Breakfast Buffet,1,150000,150000
PROD-0578,B0871,Mini Bar Refill,1,120000,120000
PROD-0579,B1000,Spa Package,1,300000,300000
PROD-0580,B0421,Tour Package,1,500000,500000
PROD-0581,B0501,Laundry Service,1,75000,75000
PROD-0582,B0569,Room Service,2,180000,360000
PROD-0583,B0984,Laundry Service,1,75000,75000
PROD-0584,B0411,Dinner Buffet,1,250000,250000
PROD-0585,B0450,Dinner Buffet,1,250000,250000
PROD-0586,B0361,Breakfast Buffet,1,150000,150000
PROD-0587,B0059,Late Checkout,1,100000,100000
PROD-0588,B0253,Tour Package,1,500000,500000
PROD-0589,B0011,Airport Transfer,2,200000,400000
PROD-0590,B0214,Mini Bar Refill,1,120000,120000
PROD-0591,B0051,Dinner Buffet,2,250000,500000
PROD-0592,B0328,Dinner Buffet,1,250000,250000
PROD-0593,B0168,Dinner Buffet,1,250000,250000
PROD-0594,B0091,Massage Service,1,350000,350000
PROD-0595,B0727,Late Checkout,1,100000,100000
PROD-0596,B0973,Spa Package,1,300000,300000
PROD-0597,B0730,Dinner Buffet,1,250000,250000
PROD-0598,B0031,Airport Transfer,1,200000,200000
PROD-0599,B0539,Laundry Service,1,75000,75000
PROD-0600,B0063,Mini Bar Refill,1,120000,120000
PROD-0601,B0334,Tour Package,1,500000,500000
PROD-0602,B0856,Mini Bar Refill,1,120000,120000
PROD-0603,B0555,Dinner Buffet,1,250000,250000
PROD-0604,B0091,Airport Transfer,2,200000,400000
PROD-0605,B0265,Massage Service,1,350000,350000
PROD-0606,B0386,Dinner Buffet,1,250000,250000
PROD-0607,B0041,Mini Bar Refill,1,120000,120000
PROD-0608,B0921,Room Service,1,180000,180000
PROD-0609,B0409,Room Service,1,180000,180000
PROD-0610,B0468,Airport Transfer,1,200000,200000
PROD-0611,B0222,Room Service,2,180000,360000
PROD-0612,B0033,Dinner Buffet,1,250000,250000
PROD-0613,B0502,Tour Package,1,500000,500000
PROD-0614,B0925,Room Service,3,180000,540000
PROD-0615,B0610,Mini Bar Refill,1,120000,120000
PROD-0616,B0114,Massage Service,1,350000,350000
PROD-0617,B0946,Late Checkout,1,100000,100000
PROD-0618,B0539,Massage Service,1,350000,350000
PROD-0619,B0970,Dinner Buffet,2,250000,500000
PROD-0620,B0783,Laundry Service,2,75000,150000
PROD-0621,B0769,Massage Service,1,350000,350000
PROD-0622,B0742,Mini Bar Refill,1,120000,120000
PROD-0623,B0272,Mini Bar Refill,1,120000,120000
PROD-0624,B0311,Breakfast Buffet,1,150000,150000
PROD-0625,B0248,Mini Bar Refill,1,120000,120000
PROD-0626,B0909,Breakfast Buffet,1,150000,150000
PROD-0627,B0478,Dinner Buffet,2,250000,500000
PROD-0628,B0601,Mini Bar Refill,1,120000,120000
PROD-0629,B0587,Tour Package,1,500000,500000
PROD-0630,B0883,Breakfast Buffet,2,150000,300000
PROD-0631,B0639,Spa Package,1,300000,300000
PROD-0632,B0649,Airport Transfer,2,200000,400000
PROD-0633,B0552,Tour Package,1,500000,500000
PROD-0634,B0328,Late Checkout,1,100000,100000
PROD-0635,B0347,Laundry Service,2,75000,150000
PROD-0636,B0629,Mini Bar Refill,1,120000,120000
PROD-0637,B0475,Laundry Service,3,75000,225000
PROD-0638,B0297,Airport Transfer,1,200000,200000
PROD-0639,B0972,Late Checkout,1,100000,100000
PROD-0640,B0951,Airport Transfer,1,200000,200000
PROD-0641,B0769,Breakfast Buffet,2,150000,300000
PROD-0642,B0125,Spa Package,1,300000,300000
PROD-0643,B0411,Room Service,2,180000,360000
PROD-0644,B0832,Dinner Buffet,1,250000,250000
PROD-0645,B0860,Spa Package,1,300000,300000
PROD-0646,B0046,Late Checkout,1,100000,100000
PROD-0647,B0821,Tour Package,1,500000,500000
PROD-0648,B0125,Mini Bar Refill,1,120000,120000
PROD-0649,B0164,Dinner Buffet,2,250000,500000
PROD-0650,B0937,Breakfast Buffet,1,150000,150000
PROD-0651,B0358,Dinner Buffet,1,250000,250000
PROD-0652,B0209,Dinner Buffet,2,250000,500000
PROD-0653,B0686,Room Service,1,180000,180000
PROD-0654,B0019,Late Checkout,1,100000,100000
PROD-0655,B0101,Laundry Service,3,75000,225000
PROD-0656,B0895,Spa Package,1,300000,300000
PROD-0657,B0126,Airport Transfer,1,200000,200000
PROD-0658,B0741,Room Service,1,180000,180000
PROD-0659,B0310,Laundry Service,3,75000,225000
PROD-0660,B0270,Laundry Service,1,75000,75000
PROD-0661,B0512,Massage Service,1,350000,350000
PROD-0662,B0695,Spa Package,1,300000,300000
PROD-0663,B0307,Mini Bar Refill,1,120000,120000
PROD-0664,B0840,Mini Bar Refill,1,120000,120000
PROD-0665,B0479,Tour Package,1,500000,500000
PROD-0666,B0746,Tour Package,1,500000,500000
PROD-0667,B0009,Dinner Buffet,1,250000,250000
PROD-0668,B0537,Dinner Buffet,2,250000,500000
PROD-0669,B0952,Dinner Buffet,2,250000,500000
PROD-0670,B0038,Late Checkout,1,100000,100000
PROD-0671,B0200,Breakfast Buffet,2,150000,300000
PROD-0672,B0075,Spa Package,1,300000,300000
PROD-0673,B0531,Breakfast Buffet,1,150000,150000
PROD-0674,B0318,Spa Package,1,300000,300000
PROD-0675,B0249,Spa Package,1,300000,300000
PROD-0676,B0817,Airport Transfer,1,200000,200000
PROD-0677,B0377,Airport Transfer,2,200000,400000
PROD-0678,B0964,Mini Bar Refill,1,120000,120000
PROD-0679,B0519,Breakfast Buffet,2,150000,300000
PROD-0680,B0166,Breakfast Buffet,2,150000,300000
PROD-0681,B0508,Airport Transfer,1,200000,200000
PROD-0682,B0319,Room Service,1,180000,180000
PROD-0683,B0253,Laundry Service,2,75000,150000
PROD-0684,B0968,Room Service,3,180000,540000
PROD-0685,B0141,Spa Package,1,300000,300000
PROD-0686,B0544,Spa Package,1,300000,300000
PROD-0687,B0581,Mini Bar Refill,1,120000,120000
PROD-0688,B0849,Tour Package,1,500000,500000
PROD-0689,B0939,Room Service,2,180000,360000
PROD-0690,B0149,Dinner Buffet,2,250000,500000
PROD-0691,B0596,Airport Transfer,2,200000,400000
PROD-0692,B0607,Room Service,2,180000,360000
PROD-0693,B0521,Airport Transfer,2,200000,400000
PROD-0694,B0473,Laundry Service,1,75000,75000
PROD-0695,B0449,Laundry Service,3,75000,225000
PROD-0696,B0741,Laundry Service,3,75000,225000
PROD-0697,B0243,Tour Package,1,500000,500000
PROD-0698,B0008,Spa Package,1,300000,300000
PROD-0699,B0528,Massage Service,1,350000,350000
PROD-0700,B0715,Dinner Buffet,1,250000,250000
PROD-0701,B0266,Mini Bar Refill,1,120000,120000
PROD-0702,B0715,Airport Transfer,1,200000,200000
PROD-0703,B0076,Mini Bar Refill,1,120000,120000
PROD-0704,B0033,Airport Transfer,1,200000,200000
PROD-0705,B0951,Spa Package,1,300000,300000
PROD-0706,B0051,Laundry Service,1,75000,75000
PROD-0707,B0659,Breakfast Buffet,2,150000,300000
PROD-0708,B0896,Breakfast Buffet,2,150000,300000
PROD-0709,B0739,Massage Service,1,350000,350000
PROD-0710,B0832,Room Service,3,180000,540000
PROD-0711,B0510,Mini Bar Refill,1,120000,120000
PROD-0712,B0294,Spa Package,1,300000,300000
PROD-0713,B0319,Massage Service,1,350000,350000
PROD-0714,B0334,Spa Package,1,300000,300000
PROD-0715,B0709,Massage Service,1,350000,350000
PROD-0716,B0725,Breakfast Buffet,2,150000,300000
PROD-0717,B0221,Dinner Buffet,2,250000,500000
PROD-0718,B0320,Late Checkout,1,100000,100000
PROD-0719,B0784,Spa Package,1,300000,300000
PROD-0720,B0453,Airport Transfer,1,200000,200000
PROD-0721,B0304,Tour Package,1,500000,500000
PROD-0722,B0629,Airport Transfer,2,200000,400000
PROD-0723,B0331,Room Service,2,180000,360000
PROD-0724,B0156,Breakfast Buffet,2,150000,300000
PROD-0725,B0204,Laundry Service,3,75000,225000
PROD-0726,B0150,Late Checkout,1,100000,100000
PROD-0727,B0960,Breakfast Buffet,1,150000,150000
PROD-0728,B0438,Spa Package,1,300000,300000
PROD-0729,B0013,Room Service,2,180000,360000
PROD-0730,B0543,Mini Bar Refill,1,120000,120000
PROD-0731,B0357,Laundry Service,2,75000,150000
PROD-0732,B0414,Airport Transfer,1,200000,200000
PROD-0733,B0561,Massage Service,1,350000,350000
PROD-0734,B0824,Room Service,1,180000,180000
PROD-0735,B0891,Breakfast Buffet,2,150000,300000
PROD-0736,B0668,Massage Service,1,350000,350000
PROD-0737,B0009,Breakfast Buffet,1,150000,150000
PROD-0738,B0683,Tour Package,1,500000,500000
PROD-0739,B0965,Massage Service,1,350000,350000
PROD-0740,B0186,Mini Bar Refill,1,120000,120000
PROD-0741,B0539,Tour Package,1,500000,500000
PROD-0742,B0730,Late Checkout,1,100000,100000
PROD-0743,B0025,Breakfast Buffet,2,150000,300000
PROD-0744,B0909,Dinner Buffet,1,250000,250000
PROD-0745,B0716,Massage Service,1,350000,350000
PROD-0746,B0385,Spa Package,1,300000,300000
PROD-0747,B0064,Spa Package,1,300000,300000
PROD-0748,B0951,Dinner Buffet,1,250000,250000
PROD-0749,B0410,Dinner Buffet,2,250000,500000
PROD-0750,B0382,Tour Package,1,500000,500000
PROD-0751,B0977,Dinner Buffet,2,250000,500000
PROD-0752,B0615,Room Service,3,180000,540000
PROD-0753,B0299,Airport Transfer,2,200000,400000
PROD-0754,B0415,Late Checkout,1,100000,100000
PROD-0755,B0330,Laundry Service,3,75000,225000
PROD-0756,B0286,Late Checkout,1,100000,100000
PROD-0757,B0407,Airport Transfer,1,200000,200000
PROD-0758,B0790,Mini Bar Refill,1,120000,120000
PROD-0759,B0276,Massage Service,1,350000,350000
PROD-0760,B0152,Tour Package,1,500000,500000
PROD-0761,B0426,Room Service,1,180000,180000
PROD-0762,B0911,Massage Service,1,350000,350000
PROD-0763,B0132,Laundry Service,3,75000,225000
PROD-0764,B0584,Dinner Buffet,2,250000,500000
PROD-0765,B0156,Breakfast Buffet,2,150000,300000
PROD-0766,B0266,Room Service,1,180000,180000
PROD-0767,B0145,Airport Transfer,2,200000,400000
PROD-0768,B0865,Breakfast Buffet,2,150000,300000
PROD-0769,B0289,Breakfast Buffet,2,150000,300000
PROD-0770,B0649,Room Service,1,180000,180000
PROD-0771,B0115,Mini Bar Refill,1,120000,120000
PROD-0772,B0681,Tour Package,1,500000,500000
PROD-0773,B0702,Dinner Buffet,2,250000,500000
PROD-0774,B0700,Mini Bar Refill,1,120000,120000
PROD-0775,B0316,Room Service,1,180000,180000
PROD-0776,B0098,Airport Transfer,1,200000,200000
PROD-0777,B0389,Late Checkout,1,100000,100000
PROD-0778,B0704,Late Checkout,1,100000,100000
PROD-0779,B0895,Laundry Service,3,75000,225000
PROD-0780,B0501,Breakfast Buffet,1,150000,150000
PROD-0781,B0174,Breakfast Buffet,2,150000,300000
PROD-0782,B0263,Mini Bar Refill,1,120000,120000
PROD-0783,B0378,Tour Package,1,500000,500000
PROD-0784,B0418,Breakfast Buffet,2,150000,300000
PROD-0785,B0641,Room Service,2,180000,360000
PROD-0786,B0734,Breakfast Buffet,1,150000,150000
PROD-0787,B0555,Late Checkout,1,100000,100000
PROD-0788,B0385,Tour Package,1,500000,500000
PROD-0789,B0082,Spa Package,1,300000,300000
PROD-0790,B0739,Breakfast Buffet,2,150000,300000
PROD-0791,B0974,Airport Transfer,1,200000,200000
PROD-0792,B0752,Room Service,3,180000,540000
PROD-0793,B0222,Dinner Buffet,1,250000,250000
PROD-0794,B0678,Late Checkout,1,100000,100000
PROD-0795,B0163,Laundry Service,2,75000,150000
PROD-0796,B0124,Tour Package,1,500000,500000
PROD-0797,B0856,Breakfast Buffet,2,150000,300000
PROD-0798,B0935,Airport Transfer,2,200000,400000
PROD-0799,B0675,Dinner Buffet,1,250000,250000
PROD-0800,B0149,Late Checkout,1,100000,100000
PROD-0801,B0170,Laundry Service,3,75000,225000
PROD-0802,B0863,Breakfast Buffet,2,150000,300000
PROD-0803,B0748,Breakfast Buffet,2,150000,300000
PROD-0804,B0873,Room Service,2,180000,360000
PROD-0805,B0751,Airport Transfer,2,200000,400000
PROD-0806,B0277,Airport Transfer,1,200000,200000
PROD-0807,B0704,Laundry Service,2,75000,150000
PROD-0808,B0630,Dinner Buffet,1,250000,250000
PROD-0809,B0217,Room Service,2,180000,360000
PROD-0810,B0980,Room Service,3,180000,540000
PROD-0811,B0994,Room Service,2,180000,360000
PROD-0812,B0448,Breakfast Buffet,1,150000,150000
PROD-0813,B0557,Laundry Service,2,75000,150000
PROD-0814,B0623,Room Service,1,180000,180000
PROD-0815,B0569,Room Service,1,180000,180000
PROD-0816,B0020,Airport Transfer,1,200000,200000
PROD-0817,B0272,Spa Package,1,300000,300000
PROD-0818,B0415,Late Checkout,1,100000,100000
PROD-0819,B0061,Mini Bar Refill,1,120000,120000
PROD-0820,B0830,Laundry Service,2,75000,150000
PROD-0821,B0681,Breakfast Buffet,2,150000,300000
PROD-0822,B0695,Breakfast Buffet,2,150000,300000
PROD-0823,B0099,Breakfast Buffet,1,150000,150000
PROD-0824,B0651,Mini Bar Refill,1,120000,120000
PROD-0825,B0543,Late Checkout,1,100000,100000
PROD-0826,B0312,Dinner Buffet,2,250000,500000
PROD-0827,B0243,Breakfast Buffet,2,150000,300000
PROD-0828,B0845,Spa Package,1,300000,300000
PROD-0829,B0435,Spa Package,1,300000,300000
PROD-0830,B0425,Dinner Buffet,2,250000,500000
PROD-0831,B0877,Mini Bar Refill,1,120000,120000
PROD-0832,B0127,Mini Bar Refill,1,120000,120000
PROD-0833,B0717,Airport Transfer,1,200000,200000
PROD-0834,B0806,Laundry Service,3,75000,225000
PROD-0835,B0278,Breakfast Buffet,2,150000,300000
PROD-0836,B0358,Spa Package,1,300000,300000
PROD-0837,B0641,Dinner Buffet,2,250000,500000
PROD-0838,B0920,Spa Package,1,300000,300000
PROD-0839,B0302,Spa Package,1,300000,300000
PROD-0840,B0769,Tour Package,1,500000,500000
PROD-0841,B0064,Tour Package,1,500000,500000
PROD-0842,B0246,Room Service,2,180000,360000
PROD-0843,B0757,Dinner Buffet,2,250000,500000
PROD-0844,B0384,Airport Transfer,1,200000,200000
PROD-0845,B0050,Breakfast Buffet,1,150000,150000
PROD-0846,B0046,Dinner Buffet,1,250000,250000
PROD-0847,B0554,Dinner Buffet,1,250000,250000
PROD-0848,B0371,Massage Service,1,350000,350000
PROD-0849,B0644,Massage Service,1,350000,350000
PROD-0850,B0019,Breakfast Buffet,1,150000,150000
PROD-0851,B0266,Tour Package,1,500000,500000
PROD-0852,B0229,Spa Package,1,300000,300000
PROD-0853,B0084,Mini Bar Refill,1,120000,120000
PROD-0854,B0609,Mini Bar Refill,1,120000,120000
PROD-0855,B0559,Massage Service,1,350000,350000
PROD-0856,B0649,Airport Transfer,1,200000,200000
PROD-0857,B0768,Breakfast Buffet,2,150000,300000
PROD-0858,B0453,Mini Bar Refill,1,120000,120000
PROD-0859,B0265,Airport Transfer,2,200000,400000
PROD-0860,B0342,Massage Service,1,350000,350000
PROD-0861,B0819,Room Service,1,180000,180000
PROD-0862,B0282,Breakfast Buffet,2,150000,300000
PROD-0863,B0339,Mini Bar Refill,1,120000,120000
PROD-0864,B0763,Spa Package,1,300000,300000
PROD-0865,B0420,Late Checkout,1,100000,100000
PROD-0866,B0078,Room Service,3,180000,540000
PROD-0867,B0864,Laundry Service,2,75000,150000
PROD-0868,B0116,Laundry Service,2,75000,150000
PROD-0869,B0464,Dinner Buffet,1,250000,250000
PROD-0870,B0251,Massage Service,1,350000,350000
PROD-0871,B0188,Tour Package,1,500000,500000
PROD-0872,B0277,Laundry Service,3,75000,225000
PROD-0873,B0427,Laundry Service,3,75000,225000
PROD-0874,B0101,Laundry Service,1,75000,75000
PROD-0875,B0855,Massage Service,1,350000,350000
PROD-0876,B0543,Laundry Service,1,75000,75000
PROD-0877,B0007,Dinner Buffet,2,250000,500000
PROD-0878,B0260,Massage Service,1,350000,350000
PROD-0879,B0761,Airport Transfer,2,200000,400000
PROD-0880,B0066,Massage Service,1,350000,350000
PROD-0881,B0541,Mini Bar Refill,1,120000,120000
PROD-0882,B0869,Room Service,3,180000,540000
PROD-0883,B0871,Mini Bar Refill,1,120000,120000
PROD-0884,B0775,Dinner Buffet,2,250000,500000
PROD-0885,B0598,Laundry Service,2,75000,150000
PROD-0886,B0497,Airport Transfer,1,200000,200000
PROD-0887,B0426,Breakfast Buffet,2,150000,300000
PROD-0888,B0662,Massage Service,1,350000,350000
PROD-0889,B0329,Mini Bar Refill,1,120000,120000
PROD-0890,B0421,Laundry Service,1,75000,75000
PROD-0891,B0883,Mini Bar Refill,1,120000,120000
PROD-0892,B0632,Mini Bar Refill,1,120000,120000
PROD-0893,B0780,Spa Package,1,300000,300000
PROD-0894,B0196,Mini Bar Refill,1,120000,120000
PROD-0895,B0588,Dinner Buffet,1,250000,250000
PROD-0896,B0518,Room Service,2,180000,360000
PROD-0897,B0464,Massage Service,1,350000,350000
PROD-0898,B0157,Airport Transfer,1,200000,200000
PROD-0899,B0294,Tour Package,1,500000,500000
PROD-0900,B0442,Dinner Buffet,2,250000,500000
PROD-0901,B0437,Dinner Buffet,1,250000,250000
PROD-0902,B0815,Dinner Buffet,1,250000,250000
PROD-0903,B0019,Dinner Buffet,1,250000,250000
PROD-0904,B0210,Room Service,1,180000,180000
PROD-0905,B0337,Late Checkout,1,100000,100000
PROD-0906,B0138,Breakfast Buffet,2,150000,300000
PROD-0907,B0851,Airport Transfer,2,200000,400000
PROD-0908,B0322,Tour Package,1,500000,500000
PROD-0909,B0037,Tour Package,1,500000,500000
PROD-0910,B0582,Room Service,3,180000,540000
PROD-0911,B0351,Airport Transfer,1,200000,200000
PROD-0912,B0726,Breakfast Buffet,2,150000,300000
PROD-0913,B0695,Room Service,2,180000,360000
PROD-0914,B0571,Massage Service,1,350000,350000
PROD-0915,B0615,Room Service,3,180000,540000
PROD-0916,B0496,Massage Service,1,350000,350000
PROD-0917,B0132,Massage Service,1,350000,350000
PROD-0918,B0558,Massage Service,1,350000,350000
PROD-0919,B0614,Room Service,1,180000,180000
PROD-0920,B0412,Laundry Service,3,75000,225000
PROD-0921,B0165,Room Service,3,180000,540000
PROD-0922,B0488,Spa Package,1,300000,300000
PROD-0923,B0097,Laundry Service,2,75000,150000
PROD-0924,B0224,Airport Transfer,2,200000,400000
PROD-0925,B0522,Airport Transfer,1,200000,200000
PROD-0926,B0240,Airport Transfer,2,200000,400000
PROD-0927,B0852,Mini Bar Refill,1,120000,120000
PROD-0928,B0026,Room Service,3,180000,540000
PROD-0929,B0654,Spa Package,1,300000,300000
PROD-0930,B0012,Mini Bar Refill,1,120000,120000
PROD-0931,B0858,Massage Service,1,350000,350000
PROD-0932,B0873,Mini Bar Refill,1,120000,120000
PROD-0933,B0729,Airport Transfer,2,200000,400000
PROD-0934,B0874,Airport Transfer,1,200000,200000
PROD-0935,B0460,Spa Package,1,300000,300000
PROD-0936,B0976,Spa Package,1,300000,300000
PROD-0937,B0806,Tour Package,1,500000,500000
PROD-0938,B0240,Room Service,1,180000,180000
PROD-0939,B0456,Room Service,2,180000,360000
PROD-0940,B0157,Spa Package,1,300000,300000
PROD-0941,B0081,Late Checkout,1,100000,100000
PROD-0942,B0517,Dinner Buffet,2,250000,500000
PROD-0943,B0680,Room Service,3,180000,540000
PROD-0944,B0059,Breakfast Buffet,2,150000,300000
PROD-0945,B0717,Room Service,3,180000,540000
PROD-0946,B0130,Laundry Service,3,75000,225000
PROD-0947,B0995,Room Service,1,180000,180000
PROD-0948,B0885,Spa Package,1,300000,300000
PROD-0949,B0926,Airport Transfer,2,200000,400000
PROD-0950,B0235,Airport Transfer,1,200000,200000
PROD-0951,B0964,Room Service,1,180000,180000
PROD-0952,B0855,Breakfast Buffet,2,150000,300000
PROD-0953,B0117,Massage Service,1,350000,350000
PROD-0954,B0469,Airport Transfer,2,200000,400000
PROD-0955,B0672,Massage Service,1,350000,350000
PROD-0956,B0239,Tour Package,1,500000,500000
PROD-0957,B0584,Airport Transfer,1,200000,200000
PROD-0958,B0040,Laundry Service,3,75000,225000
PROD-0959,B0760,Spa Package,1,300000,300000
PROD-0960,B0263,Massage Service,1,350000,350000
PROD-0961,B0842,Dinner Buffet,2,250000,500000
PROD-0962,B0021,Massage Service,1,350000,350000
PROD-0963,B0969,Airport Transfer,2,200000,400000
PROD-0964,B0782,Spa Package,1,300000,300000
PROD-0965,B0911,Room Service,3,180000,540000
PROD-0966,B0947,Spa Package,1,300000,300000
PROD-0967,B0788,Mini Bar Refill,1,120000,120000
PROD-0968,B0238,Mini Bar Refill,1,120000,120000
PROD-0969,B0373,Room Service,1,180000,180000
PROD-0970,B0080,Laundry Service,1,75000,75000
PROD-0971,B0158,Airport Transfer,2,200000,400000
PROD-0972,B0692,Dinner Buffet,2,250000,500000
PROD-0973,B0228,Breakfast Buffet,2,150000,300000
PROD-0974,B0994,Massage Service,1,350000,350000
PROD-0975,B0786,Late Checkout,1,100000,100000
PROD-0976,B0592,Room Service,3,180000,540000
PROD-0977,B0526,Mini Bar Refill,1,120000,120000
PROD-0978,B0387,Massage Service,1,350000,350000
PROD-0979,B0456,Room Service,3,180000,540000
PROD-0980,B0486,Tour Package,1,500000,500000
PROD-0981,B0250,Dinner Buffet,1,250000,250000
PROD-0982,B0208,Tour Package,1,500000,500000
PROD-0983,B0015,Tour Package,1,500000,500000
PROD-0984,B0972,Late Checkout,1,100000,100000
PROD-0985,B0715,Laundry Service,3,75000,225000
PROD-0986,B0965,Breakfast Buffet,2,150000,300000
PROD-0987,B0025,Dinner Buffet,1,250000,250000
PROD-0988,B0448,Airport Transfer,2,200000,400000
PROD-0989,B0503,Late Checkout,1,100000,100000
PROD-0990,B0456,Breakfast Buffet,2,150000,300000
PROD-0991,B0312,Airport Transfer,1,200000,200000
PROD-0992,B0536,Airport Transfer,2,200000,400000
PROD-0993,B0901,Mini Bar Refill,1,120000,120000
PROD-0994,B0015,Laundry Service,1,75000,75000
PROD-0995,B0179,Mini Bar Refill,1,120000,120000
PROD-0996,B0500,Spa Package,1,300000,300000
PROD-0997,B0910,Spa Package,1,300000,300000
PROD-0998,B0458,Breakfast Buffet,1,150000,150000
PROD-0999,B0852,Airport Transfer,1,200000,200000
PROD-1000,B0177,Late Checkout,1,100000,100000
